timestamp, power.draw [W], clocks.current.sm [MHz], clocks.current.memory [MHz], utilization.gpu [%], temperature.gpu
2026/10/09 04:40:32.738, 72.18 W, 1110 MHz, 6251 MHz, 100 %, 80
2026/10/09 04:40:33.252, 58.29 W, 2040 MHz, 6251 MHz, 100 %, 77
2026/10/09 04:40:33.752, 41.60 W, 2040 MHz, 6251 MHz, 68 %, 77
2026/10/09 04:40:34.252, 39.78 W, 2040 MHz, 6251 MHz, 0 %, 76
2026/10/09 04:40:34.752, 35.92 W, 2040 MHz, 6251 MHz, 0 %, 76
2026/10/09 04:40:35.252, 35.71 W, 2040 MHz, 6251 MHz, 0 %, 76
2026/10/09 04:40:35.752, 35.66 W, 2040 MHz, 6251 MHz, 0 %, 76
2026/10/09 04:40:36.252, 35.61 W, 2040 MHz, 6251 MHz, 0 %, 76
2026/10/09 04:40:36.753, 35.54 W, 2040 MHz, 6251 MHz, 0 %, 75
2026/10/09 04:40:37.253, 35.49 W, 2040 MHz, 6251 MHz, 0 %, 75
2026/10/09 04:40:37.753, 35.43 W, 2040 MHz, 6251 MHz, 0 %, 75
2026/10/09 04:40:38.253, 35.40 W, 2040 MHz, 6251 MHz, 0 %, 75
2026/10/09 04:40:38.753, 35.36 W, 2040 MHz, 6251 MHz, 0 %, 75
2026/10/09 04:40:39.253, 35.28 W, 2040 MHz, 6251 MHz, 0 %, 75
2026/10/09 04:40:39.753, 35.26 W, 2040 MHz, 6251 MHz, 0 %, 75
2026/10/09 04:40:40.253, 35.19 W, 2040 MHz, 6251 MHz, 0 %, 75
2026/10/09 04:40:40.754, 35.13 W, 2040 MHz, 6251 MHz, 0 %, 74
2026/10/09 04:40:41.254, 35.12 W, 2040 MHz, 6251 MHz, 0 %, 74
2026/10/09 04:40:41.754, 35.08 W, 2040 MHz, 6251 MHz, 0 %, 74
2026/10/09 04:40:42.254, 35.05 W, 2040 MHz, 6251 MHz, 0 %, 74
2026/10/09 04:40:42.754, 35.06 W, 2040 MHz, 6251 MHz, 0 %, 74
2026/10/09 04:40:43.254, 35.00 W, 2040 MHz, 6251 MHz, 0 %, 74
2026/10/09 04:40:43.754, 35.01 W, 2040 MHz, 6251 MHz, 0 %, 74
2026/10/09 04:40:44.255, 34.92 W, 2040 MHz, 6251 MHz, 0 %, 74
2026/10/09 04:40:44.755, 34.87 W, 2040 MHz, 6251 MHz, 0 %, 74
2026/10/09 04:40:45.255, 34.87 W, 2040 MHz, 6251 MHz, 0 %, 74
2026/10/09 04:40:45.755, 34.78 W, 2040 MHz, 6251 MHz, 0 %, 73
2026/10/09 04:40:46.255, 34.80 W, 2040 MHz, 6251 MHz, 0 %, 73
2026/10/09 04:40:46.755, 34.80 W, 2040 MHz, 6251 MHz, 0 %, 73
2026/10/09 04:40:47.255, 34.76 W, 2040 MHz, 6251 MHz, 0 %, 73
2026/10/09 04:40:47.756, 34.73 W, 2040 MHz, 6251 MHz, 0 %, 73
2026/10/09 04:40:48.256, 34.67 W, 2040 MHz, 6251 MHz, 0 %, 73
2026/10/09 04:40:48.756, 34.71 W, 2040 MHz, 6251 MHz, 0 %, 73
2026/10/09 04:40:49.256, 34.70 W, 2040 MHz, 6251 MHz, 0 %, 73
2026/10/09 04:40:49.756, 34.63 W, 2040 MHz, 6251 MHz, 0 %, 73
2026/10/09 04:40:50.256, 34.66 W, 2040 MHz, 6251 MHz, 0 %, 73
2026/10/09 04:40:50.756, 34.62 W, 2040 MHz, 6251 MHz, 0 %, 73
2026/10/09 04:40:51.257, 34.71 W, 2040 MHz, 6251 MHz, 0 %, 73
2026/10/09 04:40:51.757, 35.14 W, 2040 MHz, 6251 MHz, 5 %, 73
2026/10/09 04:40:52.257, 35.05 W, 2040 MHz, 6251 MHz, 0 %, 73
2026/10/09 04:40:52.757, 34.80 W, 2040 MHz, 6251 MHz, 0 %, 73
2026/10/09 04:40:53.257, 36.04 W, 2040 MHz, 6251 MHz, 86 %, 73
2026/10/09 04:40:53.757, 37.59 W, 2040 MHz, 6251 MHz, 82 %, 73
2026/10/09 04:40:54.257, 38.15 W, 2040 MHz, 6251 MHz, 87 %, 73
2026/10/09 04:40:54.758, 36.89 W, 2040 MHz, 6251 MHz, 0 %, 73
2026/10/09 04:40:55.258, 35.28 W, 2040 MHz, 6251 MHz, 0 %, 73
2026/10/09 04:40:55.758, 34.57 W, 2040 MHz, 6251 MHz, 0 %, 73
2026/10/09 04:40:56.258, 34.52 W, 2040 MHz, 6251 MHz, 0 %, 73
2026/10/09 04:40:56.758, 34.54 W, 2040 MHz, 6251 MHz, 0 %, 72
2026/10/09 04:40:57.258, 34.49 W, 2040 MHz, 6251 MHz, 0 %, 72
2026/10/09 04:40:57.758, 34.46 W, 2040 MHz, 6251 MHz, 0 %, 72
2026/10/09 04:40:58.259, 34.50 W, 2040 MHz, 6251 MHz, 0 %, 72
2026/10/09 04:40:58.759, 34.47 W, 2040 MHz, 6251 MHz, 0 %, 72
2026/10/09 04:40:59.259, 34.51 W, 2040 MHz, 6251 MHz, 0 %, 72
2026/10/09 04:40:59.759, 34.53 W, 2040 MHz, 6251 MHz, 0 %, 72
2026/10/09 04:41:00.259, 34.47 W, 2040 MHz, 6251 MHz, 0 %, 72
2026/10/09 04:41:00.759, 34.47 W, 2040 MHz, 6251 MHz, 0 %, 72
2026/10/09 04:41:01.259, 34.46 W, 2040 MHz, 6251 MHz, 0 %, 72
2026/10/09 04:41:01.760, 34.44 W, 2040 MHz, 6251 MHz, 0 %, 72
2026/10/09 04:41:02.260, 34.46 W, 2040 MHz, 6251 MHz, 0 %, 72
2026/10/09 04:41:02.760, 34.44 W, 2040 MHz, 6251 MHz, 0 %, 72
2026/10/09 04:41:03.260, 34.45 W, 2040 MHz, 6251 MHz, 0 %, 72
2026/10/09 04:41:03.760, 34.52 W, 2040 MHz, 6251 MHz, 0 %, 72
2026/10/09 04:41:04.260, 34.46 W, 2040 MHz, 6251 MHz, 0 %, 72
2026/10/09 04:41:04.760, 34.49 W, 2040 MHz, 6251 MHz, 0 %, 72
2026/10/09 04:41:05.261, 34.52 W, 2040 MHz, 6251 MHz, 0 %, 72
2026/10/09 04:41:05.761, 34.47 W, 2040 MHz, 6251 MHz, 0 %, 72
2026/10/09 04:41:06.261, 34.49 W, 2040 MHz, 6251 MHz, 0 %, 72
2026/10/09 04:41:06.761, 44.94 W, 1470 MHz, 6251 MHz, 98 %, 76
2026/10/09 04:41:07.261, 52.89 W, 2025 MHz, 6251 MHz, 0 %, 73
2026/10/09 04:41:07.761, 46.80 W, 2040 MHz, 6251 MHz, 0 %, 73
2026/10/09 04:41:08.261, 35.08 W, 2040 MHz, 6251 MHz, 0 %, 73
2026/10/09 04:41:08.762, 35.10 W, 2040 MHz, 6251 MHz, 0 %, 73
2026/10/09 04:41:09.262, 44.84 W, 2025 MHz, 6251 MHz, 98 %, 75
2026/10/09 04:41:09.762, 47.97 W, 2040 MHz, 6251 MHz, 0 %, 73
2026/10/09 04:41:10.262, 41.43 W, 2040 MHz, 6251 MHz, 0 %, 73
2026/10/09 04:41:10.762, 34.74 W, 2040 MHz, 6251 MHz, 0 %, 73
2026/10/09 04:41:11.262, 34.65 W, 2040 MHz, 6251 MHz, 0 %, 73
2026/10/09 04:41:11.762, 34.72 W, 2040 MHz, 6251 MHz, 0 %, 73
2026/10/09 04:41:12.263, 34.78 W, 2040 MHz, 6251 MHz, 0 %, 73
2026/10/09 04:41:12.763, 34.72 W, 1755 MHz, 6251 MHz, 0 %, 73
2026/10/09 04:41:13.263, 49.04 W, 1650 MHz, 6251 MHz, 98 %, 76
2026/10/09 04:41:13.763, 55.96 W, 2040 MHz, 6251 MHz, 0 %, 74
2026/10/09 04:41:14.263, 41.67 W, 2040 MHz, 6251 MHz, 0 %, 74
2026/10/09 04:41:14.763, 34.90 W, 2040 MHz, 6251 MHz, 0 %, 74
2026/10/09 04:41:15.263, 34.86 W, 2040 MHz, 6251 MHz, 0 %, 73
2026/10/09 04:41:15.763, 34.76 W, 2040 MHz, 6251 MHz, 0 %, 73
2026/10/09 04:41:16.264, 34.78 W, 2040 MHz, 6251 MHz, 0 %, 73
2026/10/09 04:41:16.764, 34.82 W, 2040 MHz, 6251 MHz, 0 %, 73
2026/10/09 04:41:17.264, 34.75 W, 1785 MHz, 6251 MHz, 0 %, 73
2026/10/09 04:41:17.764, 56.01 W, 1980 MHz, 6251 MHz, 99 %, 76
2026/10/09 04:41:18.264, 56.04 W, 2040 MHz, 6251 MHz, 0 %, 74
2026/10/09 04:41:18.764, 38.59 W, 2040 MHz, 6251 MHz, 0 %, 73
2026/10/09 04:41:19.264, 35.02 W, 2040 MHz, 6251 MHz, 0 %, 73
2026/10/09 04:41:19.765, 35.03 W, 2040 MHz, 6251 MHz, 0 %, 73
2026/10/09 04:41:20.265, 34.93 W, 2040 MHz, 6251 MHz, 0 %, 73
2026/10/09 04:41:20.765, 34.91 W, 2040 MHz, 6251 MHz, 0 %, 73
2026/10/09 04:41:21.265, 34.92 W, 2040 MHz, 6251 MHz, 0 %, 73
2026/10/09 04:41:21.765, 34.86 W, 2040 MHz, 6251 MHz, 0 %, 73
2026/10/09 04:41:22.265, 34.93 W, 2040 MHz, 6251 MHz, 0 %, 73
2026/10/09 04:41:22.765, 34.94 W, 2040 MHz, 6251 MHz, 0 %, 73
2026/10/09 04:41:23.266, 39.51 W, 1920 MHz, 6251 MHz, 7 %, 74
2026/10/09 04:41:23.766, 56.83 W, 1845 MHz, 6251 MHz, 98 %, 76
2026/10/09 04:41:24.266, 66.33 W, 2025 MHz, 6251 MHz, 3 %, 74
2026/10/09 04:41:24.766, 48.80 W, 2040 MHz, 6251 MHz, 0 %, 73
2026/10/09 04:41:25.266, 40.65 W, 2040 MHz, 6251 MHz, 0 %, 73
2026/10/09 04:41:25.766, 40.71 W, 2040 MHz, 6251 MHz, 0 %, 73
2026/10/09 04:41:26.266, 34.90 W, 2040 MHz, 6251 MHz, 0 %, 73
2026/10/09 04:41:26.766, 34.94 W, 2040 MHz, 6251 MHz, 0 %, 73
2026/10/09 04:41:27.267, 34.94 W, 2040 MHz, 6251 MHz, 0 %, 73
2026/10/09 04:41:27.767, 34.86 W, 2040 MHz, 6251 MHz, 0 %, 73
2026/10/09 04:41:28.267, 34.84 W, 2040 MHz, 6251 MHz, 0 %, 73
2026/10/09 04:41:28.767, 34.87 W, 2040 MHz, 6251 MHz, 0 %, 73
2026/10/09 04:41:29.267, 34.79 W, 2040 MHz, 6251 MHz, 0 %, 73
2026/10/09 04:41:29.767, 37.14 W, 2040 MHz, 6251 MHz, 1 %, 73
2026/10/09 04:41:30.267, 55.04 W, 1110 MHz, 6251 MHz, 100 %, 77
2026/10/09 04:41:30.768, 58.25 W, 2025 MHz, 6251 MHz, 0 %, 73
2026/10/09 04:41:31.268, 42.20 W, 2040 MHz, 6251 MHz, 0 %, 73
2026/10/09 04:41:31.768, 35.40 W, 2040 MHz, 6251 MHz, 0 %, 73
2026/10/09 04:41:32.268, 52.02 W, 1155 MHz, 6251 MHz, 100 %, 77
2026/10/09 04:41:32.768, 62.00 W, 1155 MHz, 6251 MHz, 85 %, 77
2026/10/09 04:41:33.268, 68.53 W, 1890 MHz, 6251 MHz, 100 %, 76
2026/10/09 04:41:33.768, 67.96 W, 1185 MHz, 6251 MHz, 84 %, 77
2026/10/09 04:41:34.269, 58.45 W, 1710 MHz, 6251 MHz, 87 %, 77
2026/10/09 04:41:34.769, 60.47 W, 1155 MHz, 6251 MHz, 100 %, 78
2026/10/09 04:41:35.269, 68.76 W, 1710 MHz, 6251 MHz, 100 %, 76
2026/10/09 04:41:35.769, 73.60 W, 1710 MHz, 6251 MHz, 65 %, 76
2026/10/09 04:41:36.269, 69.77 W, 1560 MHz, 6251 MHz, 64 %, 75
2026/10/09 04:41:36.769, 69.20 W, 1455 MHz, 6251 MHz, 82 %, 75
2026/10/09 04:41:37.269, 68.00 W, 1470 MHz, 6251 MHz, 79 %, 77
2026/10/09 04:41:37.770, 65.91 W, 1710 MHz, 6251 MHz, 67 %, 76
2026/10/09 04:41:38.270, 63.58 W, 1680 MHz, 6251 MHz, 66 %, 75
2026/10/09 04:41:38.770, 63.82 W, 1980 MHz, 6251 MHz, 59 %, 76
2026/10/09 04:41:39.270, 70.30 W, 1965 MHz, 6251 MHz, 47 %, 75
2026/10/09 04:41:39.770, 59.40 W, 1035 MHz, 6251 MHz, 85 %, 76
2026/10/09 04:41:40.270, 65.02 W, 1155 MHz, 6251 MHz, 79 %, 75
2026/10/09 04:41:40.770, 80.19 W, 1200 MHz, 6251 MHz, 79 %, 75
2026/10/09 04:41:41.270, 79.08 W, 1365 MHz, 6251 MHz, 68 %, 76
2026/10/09 04:41:41.771, 73.38 W, 1650 MHz, 6251 MHz, 80 %, 75
2026/10/09 04:41:42.271, 67.31 W, 1755 MHz, 6251 MHz, 80 %, 75
2026/10/09 04:41:42.771, 62.12 W, 2025 MHz, 6251 MHz, 28 %, 74
2026/10/09 04:41:43.271, 51.80 W, 1155 MHz, 6251 MHz, 54 %, 73
2026/10/09 04:41:43.771, 42.49 W, 2025 MHz, 6251 MHz, 0 %, 73
2026/10/09 04:41:44.271, 43.18 W, 2040 MHz, 6251 MHz, 6 %, 73
2026/10/09 04:41:44.771, 41.55 W, 1155 MHz, 6251 MHz, 3 %, 72
2026/10/09 04:41:45.272, 44.31 W, 2025 MHz, 6251 MHz, 0 %, 72
2026/10/09 04:41:45.772, 43.39 W, 2040 MHz, 6251 MHz, 0 %, 72
2026/10/09 04:41:46.272, 34.53 W, 2040 MHz, 6251 MHz, 0 %, 72
2026/10/09 04:41:46.772, 34.53 W, 2040 MHz, 6251 MHz, 0 %, 72
2026/10/09 04:41:47.272, 34.45 W, 2040 MHz, 6251 MHz, 0 %, 71
2026/10/09 04:41:47.772, 34.40 W, 2040 MHz, 6251 MHz, 0 %, 71
2026/10/09 04:41:48.273, 34.35 W, 2040 MHz, 6251 MHz, 0 %, 71
2026/10/09 04:41:48.773, 34.34 W, 2040 MHz, 6251 MHz, 0 %, 71
2026/10/09 04:41:49.273, 44.63 W, 1545 MHz, 6251 MHz, 100 %, 73
2026/10/09 04:41:49.773, 62.39 W, 1560 MHz, 6251 MHz, 100 %, 74
2026/10/09 04:41:50.273, 70.51 W, 1530 MHz, 6251 MHz, 100 %, 73
2026/10/09 04:41:50.773, 70.41 W, 1470 MHz, 6251 MHz, 100 %, 74
2026/10/09 04:41:51.273, 66.64 W, 1560 MHz, 6251 MHz, 100 %, 73
2026/10/09 04:41:51.774, 66.74 W, 1560 MHz, 6251 MHz, 100 %, 74
2026/10/09 04:41:52.274, 72.43 W, 1395 MHz, 6251 MHz, 100 %, 73
2026/10/09 04:41:52.774, 72.14 W, 1530 MHz, 6251 MHz, 100 %, 74
2026/10/09 04:41:53.274, 71.80 W, 1425 MHz, 6251 MHz, 100 %, 74
2026/10/09 04:41:53.774, 72.30 W, 1530 MHz, 6251 MHz, 100 %, 74
2026/10/09 04:41:54.274, 72.02 W, 1410 MHz, 6251 MHz, 100 %, 74
2026/10/09 04:41:54.774, 72.27 W, 1515 MHz, 6251 MHz, 100 %, 74
2026/10/09 04:41:55.274, 71.98 W, 1440 MHz, 6251 MHz, 100 %, 74
2026/10/09 04:41:55.775, 72.21 W, 1515 MHz, 6251 MHz, 100 %, 74
2026/10/09 04:41:56.275, 71.98 W, 1425 MHz, 6251 MHz, 100 %, 74
2026/10/09 04:41:56.775, 72.28 W, 1500 MHz, 6251 MHz, 100 %, 74
2026/10/09 04:41:57.275, 72.09 W, 1425 MHz, 6251 MHz, 100 %, 74
2026/10/09 04:41:57.775, 72.18 W, 1515 MHz, 6251 MHz, 100 %, 74
2026/10/09 04:41:58.275, 72.01 W, 1440 MHz, 6251 MHz, 100 %, 74
2026/10/09 04:41:58.775, 72.29 W, 1470 MHz, 6251 MHz, 100 %, 75
2026/10/09 04:41:59.276, 72.45 W, 1440 MHz, 6251 MHz, 100 %, 74
2026/10/09 04:41:59.776, 72.24 W, 1485 MHz, 6251 MHz, 100 %, 75
2026/10/09 04:42:00.276, 71.86 W, 1470 MHz, 6251 MHz, 100 %, 75
2026/10/09 04:42:00.776, 71.86 W, 1470 MHz, 6251 MHz, 100 %, 75
2026/10/09 04:42:01.276, 71.98 W, 1485 MHz, 6251 MHz, 100 %, 75
2026/10/09 04:42:01.776, 72.02 W, 1470 MHz, 6251 MHz, 100 %, 75
2026/10/09 04:42:02.276, 71.97 W, 1470 MHz, 6251 MHz, 100 %, 75
2026/10/09 04:42:02.777, 72.15 W, 1470 MHz, 6251 MHz, 100 %, 75
2026/10/09 04:42:03.277, 72.13 W, 1455 MHz, 6251 MHz, 100 %, 75
2026/10/09 04:42:03.777, 72.07 W, 1470 MHz, 6251 MHz, 100 %, 75
2026/10/09 04:42:04.277, 71.96 W, 1485 MHz, 6251 MHz, 100 %, 75
2026/10/09 04:42:04.777, 72.14 W, 1470 MHz, 6251 MHz, 100 %, 75
2026/10/09 04:42:05.277, 72.16 W, 1470 MHz, 6251 MHz, 100 %, 75
2026/10/09 04:42:05.778, 72.11 W, 1440 MHz, 6251 MHz, 100 %, 76
2026/10/09 04:42:06.278, 72.15 W, 1470 MHz, 6251 MHz, 100 %, 76
2026/10/09 04:42:06.778, 71.96 W, 1500 MHz, 6251 MHz, 100 %, 76
2026/10/09 04:42:07.278, 72.07 W, 1485 MHz, 6251 MHz, 100 %, 76
2026/10/09 04:42:07.778, 72.32 W, 1470 MHz, 6251 MHz, 100 %, 76
2026/10/09 04:42:08.278, 72.16 W, 1470 MHz, 6251 MHz, 100 %, 76
2026/10/09 04:42:08.778, 72.24 W, 1470 MHz, 6251 MHz, 100 %, 76
2026/10/09 04:42:09.279, 72.20 W, 1470 MHz, 6251 MHz, 100 %, 76
2026/10/09 04:42:09.779, 71.93 W, 1470 MHz, 6251 MHz, 100 %, 76
2026/10/09 04:42:10.279, 71.90 W, 1470 MHz, 6251 MHz, 100 %, 76
2026/10/09 04:42:10.779, 71.94 W, 1455 MHz, 6251 MHz, 100 %, 77
2026/10/09 04:42:11.279, 71.91 W, 1455 MHz, 6251 MHz, 100 %, 77
2026/10/09 04:42:11.779, 71.83 W, 1470 MHz, 6251 MHz, 100 %, 77
2026/10/09 04:42:12.280, 71.84 W, 1470 MHz, 6251 MHz, 100 %, 77
2026/10/09 04:42:12.780, 71.83 W, 1440 MHz, 6251 MHz, 100 %, 77
2026/10/09 04:42:13.280, 71.79 W, 1440 MHz, 6251 MHz, 100 %, 77
2026/10/09 04:42:13.780, 71.91 W, 1425 MHz, 6251 MHz, 100 %, 77
2026/10/09 04:42:14.280, 71.30 W, 1260 MHz, 6251 MHz, 91 %, 77
2026/10/09 04:42:14.780, 71.46 W, 1440 MHz, 6251 MHz, 100 %, 77
2026/10/09 04:42:15.280, 71.38 W, 1380 MHz, 6251 MHz, 100 %, 77
2026/10/09 04:42:15.781, 71.93 W, 1470 MHz, 6251 MHz, 100 %, 78
2026/10/09 04:42:16.281, 71.76 W, 1410 MHz, 6251 MHz, 100 %, 78
2026/10/09 04:42:16.781, 71.93 W, 1440 MHz, 6251 MHz, 100 %, 78
2026/10/09 04:42:17.281, 71.96 W, 1410 MHz, 6251 MHz, 100 %, 78
2026/10/09 04:42:17.781, 72.04 W, 1440 MHz, 6251 MHz, 100 %, 78
2026/10/09 04:42:18.281, 71.98 W, 1425 MHz, 6251 MHz, 100 %, 78
2026/10/09 04:42:18.781, 72.14 W, 1425 MHz, 6251 MHz, 100 %, 78
2026/10/09 04:42:19.282, 72.03 W, 1425 MHz, 6251 MHz, 100 %, 78
2026/10/09 04:42:19.782, 72.10 W, 1425 MHz, 6251 MHz, 100 %, 79
2026/10/09 04:42:20.282, 72.18 W, 1425 MHz, 6251 MHz, 100 %, 79
2026/10/09 04:42:20.782, 72.16 W, 1425 MHz, 6251 MHz, 100 %, 79
2026/10/09 04:42:21.282, 72.07 W, 1425 MHz, 6251 MHz, 100 %, 79
2026/10/09 04:42:21.782, 72.12 W, 1425 MHz, 6251 MHz, 100 %, 79
2026/10/09 04:42:22.282, 71.64 W, 1440 MHz, 6251 MHz, 100 %, 79
2026/10/09 04:42:22.783, 71.57 W, 1440 MHz, 6251 MHz, 100 %, 79
2026/10/09 04:42:23.283, 72.04 W, 1440 MHz, 6251 MHz, 100 %, 80
2026/10/09 04:42:23.783, 72.08 W, 1395 MHz, 6251 MHz, 100 %, 80
2026/10/09 04:42:24.283, 72.18 W, 1455 MHz, 6251 MHz, 100 %, 80
2026/10/09 04:42:24.783, 72.10 W, 1365 MHz, 6251 MHz, 100 %, 80
2026/10/09 04:42:25.283, 72.17 W, 1425 MHz, 6251 MHz, 100 %, 80
2026/10/09 04:42:25.783, 71.98 W, 1365 MHz, 6251 MHz, 100 %, 80
2026/10/09 04:42:26.284, 72.11 W, 1425 MHz, 6251 MHz, 100 %, 80
2026/10/09 04:42:26.784, 72.05 W, 1365 MHz, 6251 MHz, 100 %, 80
2026/10/09 04:42:27.284, 72.11 W, 1425 MHz, 6251 MHz, 100 %, 81
2026/10/09 04:42:27.784, 71.93 W, 1350 MHz, 6251 MHz, 100 %, 81
2026/10/09 04:42:28.284, 72.15 W, 1410 MHz, 6251 MHz, 100 %, 81
2026/10/09 04:42:28.784, 71.88 W, 1350 MHz, 6251 MHz, 100 %, 81
2026/10/09 04:42:29.284, 72.18 W, 1410 MHz, 6251 MHz, 100 %, 81
2026/10/09 04:42:29.785, 71.00 W, 1395 MHz, 6251 MHz, 97 %, 81
2026/10/09 04:42:30.285, 71.32 W, 1410 MHz, 6251 MHz, 100 %, 81
2026/10/09 04:42:30.785, 71.97 W, 1395 MHz, 6251 MHz, 100 %, 82
2026/10/09 04:42:31.285, 72.15 W, 1395 MHz, 6251 MHz, 100 %, 82
2026/10/09 04:42:31.785, 72.11 W, 1380 MHz, 6251 MHz, 100 %, 82
2026/10/09 04:42:32.285, 72.14 W, 1410 MHz, 6251 MHz, 100 %, 82
2026/10/09 04:42:32.785, 72.25 W, 1380 MHz, 6251 MHz, 100 %, 82
2026/10/09 04:42:33.286, 72.21 W, 1395 MHz, 6251 MHz, 100 %, 82
2026/10/09 04:42:33.786, 72.11 W, 1395 MHz, 6251 MHz, 100 %, 82
2026/10/09 04:42:34.286, 72.14 W, 1350 MHz, 6251 MHz, 100 %, 83
2026/10/09 04:42:34.786, 72.04 W, 1365 MHz, 6251 MHz, 100 %, 83
2026/10/09 04:42:35.286, 71.93 W, 1380 MHz, 6251 MHz, 100 %, 83
2026/10/09 04:42:35.786, 71.98 W, 1380 MHz, 6251 MHz, 100 %, 83
2026/10/09 04:42:36.286, 71.97 W, 1380 MHz, 6251 MHz, 100 %, 83
2026/10/09 04:42:36.787, 72.04 W, 1380 MHz, 6251 MHz, 100 %, 83
2026/10/09 04:42:37.287, 71.34 W, 1080 MHz, 6251 MHz, 95 %, 84
2026/10/09 04:42:37.787, 71.20 W, 1380 MHz, 6251 MHz, 100 %, 83
2026/10/09 04:42:38.287, 71.15 W, 1350 MHz, 6251 MHz, 100 %, 84
2026/10/09 04:42:38.787, 72.05 W, 1395 MHz, 6251 MHz, 100 %, 84
2026/10/09 04:42:39.288, 72.13 W, 1365 MHz, 6251 MHz, 100 %, 84
2026/10/09 04:42:39.788, 72.10 W, 1380 MHz, 6251 MHz, 100 %, 84
2026/10/09 04:42:40.288, 72.04 W, 1365 MHz, 6251 MHz, 100 %, 84
2026/10/09 04:42:40.788, 72.11 W, 1380 MHz, 6251 MHz, 100 %, 84
2026/10/09 04:42:41.288, 72.17 W, 1350 MHz, 6251 MHz, 100 %, 84
2026/10/09 04:42:41.788, 72.13 W, 1365 MHz, 6251 MHz, 100 %, 84
2026/10/09 04:42:42.289, 72.05 W, 1365 MHz, 6251 MHz, 100 %, 84
2026/10/09 04:42:42.789, 72.10 W, 1365 MHz, 6251 MHz, 100 %, 83
2026/10/09 04:42:43.289, 72.04 W, 1365 MHz, 6251 MHz, 100 %, 83
2026/10/09 04:42:43.789, 71.99 W, 1365 MHz, 6251 MHz, 100 %, 83
2026/10/09 04:42:44.289, 72.04 W, 1380 MHz, 6251 MHz, 100 %, 83
2026/10/09 04:42:44.789, 72.10 W, 1380 MHz, 6251 MHz, 100 %, 83
2026/10/09 04:42:45.290, 71.70 W, 1380 MHz, 6251 MHz, 100 %, 83
2026/10/09 04:42:45.790, 71.71 W, 1350 MHz, 6251 MHz, 100 %, 83
2026/10/09 04:42:46.290, 72.22 W, 1380 MHz, 6251 MHz, 100 %, 82
2026/10/09 04:42:46.790, 72.05 W, 1395 MHz, 6251 MHz, 100 %, 82
2026/10/09 04:42:47.290, 72.13 W, 1380 MHz, 6251 MHz, 100 %, 82
2026/10/09 04:42:47.790, 72.09 W, 1380 MHz, 6251 MHz, 100 %, 82
2026/10/09 04:42:48.290, 72.08 W, 1395 MHz, 6251 MHz, 100 %, 82
2026/10/09 04:42:48.791, 72.09 W, 1395 MHz, 6251 MHz, 100 %, 82
2026/10/09 04:42:49.291, 72.17 W, 1380 MHz, 6251 MHz, 100 %, 82
2026/10/09 04:42:49.791, 72.17 W, 1410 MHz, 6251 MHz, 100 %, 81
2026/10/09 04:42:50.291, 72.14 W, 1395 MHz, 6251 MHz, 100 %, 81
2026/10/09 04:42:50.791, 72.16 W, 1380 MHz, 6251 MHz, 100 %, 81
2026/10/09 04:42:51.291, 72.16 W, 1395 MHz, 6251 MHz, 100 %, 81
2026/10/09 04:42:51.792, 72.02 W, 1380 MHz, 6251 MHz, 100 %, 81
2026/10/09 04:42:52.292, 72.10 W, 1395 MHz, 6251 MHz, 100 %, 81
2026/10/09 04:42:52.792, 71.52 W, 1365 MHz, 6251 MHz, 94 %, 81
2026/10/09 04:42:53.292, 71.74 W, 1395 MHz, 6251 MHz, 100 %, 81
2026/10/09 04:42:53.792, 71.92 W, 1380 MHz, 6251 MHz, 100 %, 80
2026/10/09 04:42:54.293, 72.01 W, 1425 MHz, 6251 MHz, 100 %, 80
2026/10/09 04:42:54.793, 72.14 W, 1410 MHz, 6251 MHz, 100 %, 80
2026/10/09 04:42:55.293, 72.18 W, 1425 MHz, 6251 MHz, 100 %, 80
2026/10/09 04:42:55.793, 72.07 W, 1380 MHz, 6251 MHz, 100 %, 80
2026/10/09 04:42:56.293, 72.17 W, 1440 MHz, 6251 MHz, 100 %, 80
2026/10/09 04:42:56.793, 72.03 W, 1380 MHz, 6251 MHz, 100 %, 80
2026/10/09 04:42:57.293, 72.21 W, 1440 MHz, 6251 MHz, 100 %, 80
2026/10/09 04:42:57.794, 72.00 W, 1380 MHz, 6251 MHz, 100 %, 80
2026/10/09 04:42:58.294, 72.08 W, 1440 MHz, 6251 MHz, 100 %, 80
2026/10/09 04:42:58.794, 72.04 W, 1410 MHz, 6251 MHz, 100 %, 80
2026/10/09 04:42:59.294, 72.22 W, 1440 MHz, 6251 MHz, 100 %, 80
2026/10/09 04:42:59.794, 72.08 W, 1410 MHz, 6251 MHz, 100 %, 80
2026/10/09 04:43:00.295, 71.24 W, 1725 MHz, 6251 MHz, 94 %, 80
2026/10/09 04:43:00.795, 70.85 W, 1440 MHz, 6251 MHz, 100 %, 80
2026/10/09 04:43:01.295, 70.83 W, 1440 MHz, 6251 MHz, 100 %, 80
2026/10/09 04:43:01.795, 71.88 W, 1425 MHz, 6251 MHz, 100 %, 79
2026/10/09 04:43:02.295, 72.04 W, 1425 MHz, 6251 MHz, 100 %, 80
2026/10/09 04:43:02.795, 71.97 W, 1410 MHz, 6251 MHz, 100 %, 79
2026/10/09 04:43:03.296, 71.96 W, 1440 MHz, 6251 MHz, 100 %, 79
2026/10/09 04:43:03.796, 71.94 W, 1425 MHz, 6251 MHz, 100 %, 79
2026/10/09 04:43:04.296, 72.12 W, 1425 MHz, 6251 MHz, 100 %, 79
2026/10/09 04:43:04.796, 72.06 W, 1410 MHz, 6251 MHz, 100 %, 79
2026/10/09 04:43:05.296, 72.09 W, 1440 MHz, 6251 MHz, 100 %, 79
2026/10/09 04:43:05.796, 72.03 W, 1395 MHz, 6251 MHz, 100 %, 79
2026/10/09 04:43:06.296, 72.09 W, 1440 MHz, 6251 MHz, 100 %, 79
2026/10/09 04:43:06.796, 72.13 W, 1410 MHz, 6251 MHz, 100 %, 79
2026/10/09 04:43:07.297, 72.15 W, 1425 MHz, 6251 MHz, 100 %, 79
2026/10/09 04:43:07.797, 72.00 W, 1410 MHz, 6251 MHz, 100 %, 79
2026/10/09 04:43:08.297, 69.87 W, 1485 MHz, 6251 MHz, 100 %, 79
2026/10/09 04:43:08.797, 69.96 W, 1410 MHz, 6251 MHz, 100 %, 79
2026/10/09 04:43:09.297, 72.17 W, 1455 MHz, 6251 MHz, 100 %, 79
2026/10/09 04:43:09.798, 72.02 W, 1410 MHz, 6251 MHz, 100 %, 79
2026/10/09 04:43:10.298, 72.07 W, 1440 MHz, 6251 MHz, 100 %, 79
2026/10/09 04:43:10.798, 71.97 W, 1410 MHz, 6251 MHz, 100 %, 79
2026/10/09 04:43:11.298, 71.99 W, 1440 MHz, 6251 MHz, 100 %, 79
2026/10/09 04:43:11.798, 72.11 W, 1410 MHz, 6251 MHz, 100 %, 79
2026/10/09 04:43:12.299, 72.04 W, 1410 MHz, 6251 MHz, 100 %, 79
2026/10/09 04:43:12.799, 72.02 W, 1410 MHz, 6251 MHz, 100 %, 79
2026/10/09 04:43:13.299, 72.01 W, 1410 MHz, 6251 MHz, 100 %, 79
2026/10/09 04:43:13.799, 71.97 W, 1425 MHz, 6251 MHz, 100 %, 79
2026/10/09 04:43:14.299, 71.84 W, 1425 MHz, 6251 MHz, 100 %, 79
2026/10/09 04:43:14.799, 72.04 W, 1425 MHz, 6251 MHz, 100 %, 79
2026/10/09 04:43:15.300, 71.96 W, 1425 MHz, 6251 MHz, 100 %, 79
2026/10/09 04:43:15.800, 70.15 W, 1305 MHz, 6251 MHz, 92 %, 80
2026/10/09 04:43:16.300, 70.37 W, 1425 MHz, 6251 MHz, 100 %, 79
2026/10/09 04:43:16.800, 71.50 W, 1365 MHz, 6251 MHz, 100 %, 80
2026/10/09 04:43:17.300, 72.06 W, 1410 MHz, 6251 MHz, 100 %, 80
2026/10/09 04:43:17.800, 71.84 W, 1395 MHz, 6251 MHz, 100 %, 80
2026/10/09 04:43:18.300, 71.99 W, 1425 MHz, 6251 MHz, 100 %, 80
2026/10/09 04:43:18.801, 71.89 W, 1410 MHz, 6251 MHz, 100 %, 80
2026/10/09 04:43:19.301, 71.86 W, 1425 MHz, 6251 MHz, 100 %, 80
2026/10/09 04:43:19.801, 71.88 W, 1395 MHz, 6251 MHz, 100 %, 80
2026/10/09 04:43:20.301, 71.83 W, 1425 MHz, 6251 MHz, 100 %, 80
2026/10/09 04:43:20.801, 71.72 W, 1380 MHz, 6251 MHz, 100 %, 80
2026/10/09 04:43:21.301, 71.95 W, 1425 MHz, 6251 MHz, 100 %, 80
2026/10/09 04:43:21.801, 71.78 W, 1380 MHz, 6251 MHz, 100 %, 80
2026/10/09 04:43:22.302, 71.92 W, 1425 MHz, 6251 MHz, 100 %, 80
2026/10/09 04:43:22.802, 71.84 W, 1380 MHz, 6251 MHz, 100 %, 80
2026/10/09 04:43:23.302, 72.00 W, 1425 MHz, 6251 MHz, 100 %, 80
2026/10/09 04:43:23.802, 70.69 W, 1410 MHz, 6251 MHz, 100 %, 80
2026/10/09 04:43:24.302, 70.89 W, 1455 MHz, 6251 MHz, 100 %, 80
2026/10/09 04:43:24.802, 72.09 W, 1395 MHz, 6251 MHz, 100 %, 80
2026/10/09 04:43:25.302, 71.93 W, 1425 MHz, 6251 MHz, 100 %, 80
2026/10/09 04:43:25.803, 71.89 W, 1395 MHz, 6251 MHz, 100 %, 80
2026/10/09 04:43:26.303, 72.02 W, 1380 MHz, 6251 MHz, 100 %, 81
2026/10/09 04:43:26.803, 71.88 W, 1380 MHz, 6251 MHz, 100 %, 81
2026/10/09 04:43:27.303, 71.96 W, 1410 MHz, 6251 MHz, 100 %, 81
2026/10/09 04:43:27.803, 71.81 W, 1410 MHz, 6251 MHz, 100 %, 81
2026/10/09 04:43:28.303, 71.90 W, 1425 MHz, 6251 MHz, 100 %, 81
2026/10/09 04:43:28.804, 71.94 W, 1395 MHz, 6251 MHz, 100 %, 81
2026/10/09 04:43:29.304, 72.09 W, 1425 MHz, 6251 MHz, 100 %, 81
2026/10/09 04:43:29.804, 71.99 W, 1380 MHz, 6251 MHz, 100 %, 81
2026/10/09 04:43:30.304, 71.97 W, 1425 MHz, 6251 MHz, 100 %, 81
2026/10/09 04:43:30.804, 72.01 W, 1380 MHz, 6251 MHz, 100 %, 81
2026/10/09 04:43:31.304, 62.79 W, 2025 MHz, 6251 MHz, 0 %, 80
2026/10/09 04:43:31.805, 64.04 W, 1605 MHz, 6251 MHz, 100 %, 81
2026/10/09 04:43:32.305, 70.33 W, 1440 MHz, 6251 MHz, 100 %, 81
2026/10/09 04:43:32.805, 72.25 W, 1560 MHz, 6251 MHz, 100 %, 81
2026/10/09 04:43:33.305, 71.94 W, 1410 MHz, 6251 MHz, 100 %, 81
2026/10/09 04:43:33.805, 72.27 W, 1515 MHz, 6251 MHz, 100 %, 82
2026/10/09 04:43:34.305, 72.05 W, 1395 MHz, 6251 MHz, 100 %, 82
2026/10/09 04:43:34.805, 72.33 W, 1515 MHz, 6251 MHz, 100 %, 82
2026/10/09 04:43:35.306, 71.96 W, 1440 MHz, 6251 MHz, 100 %, 82
2026/10/09 04:43:35.806, 72.26 W, 1440 MHz, 6251 MHz, 100 %, 82
2026/10/09 04:43:36.306, 72.09 W, 1380 MHz, 6251 MHz, 100 %, 82
2026/10/09 04:43:36.806, 72.88 W, 975 MHz, 6251 MHz, 100 %, 83
2026/10/09 04:43:37.306, 71.53 W, 1455 MHz, 6251 MHz, 100 %, 82
2026/10/09 04:43:37.806, 71.40 W, 1380 MHz, 6251 MHz, 100 %, 82
2026/10/09 04:43:38.307, 71.79 W, 1305 MHz, 6251 MHz, 100 %, 82
2026/10/09 04:43:38.807, 72.31 W, 1320 MHz, 6251 MHz, 100 %, 82
2026/10/09 04:43:39.307, 71.41 W, 1320 MHz, 6251 MHz, 100 %, 83
2026/10/09 04:43:39.807, 71.97 W, 1350 MHz, 6251 MHz, 100 %, 83
2026/10/09 04:43:40.307, 72.00 W, 1350 MHz, 6251 MHz, 100 %, 83
2026/10/09 04:43:40.807, 71.66 W, 1335 MHz, 6251 MHz, 100 %, 83
2026/10/09 04:43:41.308, 71.78 W, 1380 MHz, 6251 MHz, 100 %, 83
2026/10/09 04:43:41.808, 72.13 W, 1395 MHz, 6251 MHz, 100 %, 83
2026/10/09 04:43:42.308, 71.99 W, 1425 MHz, 6251 MHz, 100 %, 83
2026/10/09 04:43:42.808, 72.28 W, 900 MHz, 6251 MHz, 100 %, 84
2026/10/09 04:43:43.308, 71.88 W, 1395 MHz, 6251 MHz, 100 %, 83
2026/10/09 04:43:43.808, 71.92 W, 1320 MHz, 6251 MHz, 100 %, 83
2026/10/09 04:43:44.309, 71.07 W, 1455 MHz, 6251 MHz, 100 %, 83
2026/10/09 04:43:44.809, 71.27 W, 1395 MHz, 6251 MHz, 100 %, 83
2026/10/09 04:43:45.309, 71.96 W, 930 MHz, 6251 MHz, 100 %, 84
2026/10/09 04:43:45.809, 71.41 W, 1425 MHz, 6251 MHz, 100 %, 83
2026/10/09 04:43:46.309, 71.69 W, 1380 MHz, 6251 MHz, 100 %, 83
2026/10/09 04:43:46.810, 72.42 W, 870 MHz, 6251 MHz, 100 %, 84
2026/10/09 04:43:47.310, 71.39 W, 1440 MHz, 6251 MHz, 100 %, 83
2026/10/09 04:43:47.810, 71.36 W, 1470 MHz, 6251 MHz, 100 %, 83
2026/10/09 04:43:48.310, 72.47 W, 1455 MHz, 6251 MHz, 100 %, 83
2026/10/09 04:43:48.810, 72.42 W, 1455 MHz, 6251 MHz, 100 %, 83
2026/10/09 04:43:49.310, 72.24 W, 1440 MHz, 6251 MHz, 100 %, 83
2026/10/09 04:43:49.811, 71.81 W, 1455 MHz, 6251 MHz, 100 %, 83
2026/10/09 04:43:50.311, 71.99 W, 1410 MHz, 6251 MHz, 100 %, 83
2026/10/09 04:43:50.811, 71.97 W, 1410 MHz, 6251 MHz, 100 %, 83
2026/10/09 04:43:51.311, 72.04 W, 1410 MHz, 6251 MHz, 100 %, 83
2026/10/09 04:43:51.811, 71.98 W, 1425 MHz, 6251 MHz, 100 %, 83
2026/10/09 04:43:52.311, 72.06 W, 1410 MHz, 6251 MHz, 100 %, 83
2026/10/09 04:43:52.811, 72.00 W, 1455 MHz, 6251 MHz, 100 %, 83
2026/10/09 04:43:53.312, 72.00 W, 1455 MHz, 6251 MHz, 100 %, 83
2026/10/09 04:43:53.812, 72.56 W, 1065 MHz, 6251 MHz, 100 %, 83
2026/10/09 04:43:54.312, 72.17 W, 1155 MHz, 6251 MHz, 100 %, 83
2026/10/09 04:43:54.812, 71.62 W, 1155 MHz, 6251 MHz, 100 %, 83
2026/10/09 04:43:55.312, 72.74 W, 1380 MHz, 6251 MHz, 100 %, 83
2026/10/09 04:43:55.812, 71.40 W, 1365 MHz, 6251 MHz, 100 %, 83
2026/10/09 04:43:56.313, 72.12 W, 1455 MHz, 6251 MHz, 100 %, 83
2026/10/09 04:43:56.813, 72.37 W, 1410 MHz, 6251 MHz, 100 %, 83
2026/10/09 04:43:57.313, 72.11 W, 1425 MHz, 6251 MHz, 100 %, 83
2026/10/09 04:43:57.813, 71.83 W, 1455 MHz, 6251 MHz, 100 %, 83
2026/10/09 04:43:58.313, 72.08 W, 1425 MHz, 6251 MHz, 100 %, 83
2026/10/09 04:43:58.813, 71.95 W, 1455 MHz, 6251 MHz, 100 %, 83
2026/10/09 04:43:59.313, 71.96 W, 945 MHz, 6251 MHz, 100 %, 83
2026/10/09 04:43:59.814, 72.13 W, 1155 MHz, 6251 MHz, 100 %, 84
2026/10/09 04:44:00.314, 72.65 W, 1395 MHz, 6251 MHz, 100 %, 84
2026/10/09 04:44:00.814, 72.84 W, 1335 MHz, 6251 MHz, 100 %, 83
2026/10/09 04:44:01.314, 72.08 W, 1365 MHz, 6251 MHz, 100 %, 83
2026/10/09 04:44:01.814, 71.19 W, 1005 MHz, 6251 MHz, 100 %, 84
2026/10/09 04:44:02.314, 71.79 W, 1365 MHz, 6251 MHz, 100 %, 83
2026/10/09 04:44:02.815, 72.62 W, 735 MHz, 6251 MHz, 100 %, 83
2026/10/09 04:44:03.315, 72.82 W, 1335 MHz, 6251 MHz, 100 %, 83
2026/10/09 04:44:03.815, 72.46 W, 1155 MHz, 6251 MHz, 100 %, 83
2026/10/09 04:44:04.315, 72.27 W, 1350 MHz, 6251 MHz, 100 %, 83
2026/10/09 04:44:04.815, 72.11 W, 1320 MHz, 6251 MHz, 100 %, 82
2026/10/09 04:44:05.315, 72.42 W, 1440 MHz, 6251 MHz, 100 %, 82
2026/10/09 04:44:05.816, 72.44 W, 750 MHz, 6251 MHz, 100 %, 83
2026/10/09 04:44:06.316, 72.48 W, 690 MHz, 6251 MHz, 100 %, 83
2026/10/09 04:44:06.816, 71.04 W, 1320 MHz, 6251 MHz, 100 %, 82
2026/10/09 04:44:07.316, 71.34 W, 1245 MHz, 6251 MHz, 100 %, 81
2026/10/09 04:44:07.816, 72.85 W, 1305 MHz, 6251 MHz, 100 %, 81
2026/10/09 04:44:08.316, 72.53 W, 825 MHz, 6251 MHz, 100 %, 81
2026/10/09 04:44:08.816, 72.81 W, 1380 MHz, 6251 MHz, 100 %, 81
2026/10/09 04:44:09.317, 71.94 W, 1365 MHz, 6251 MHz, 100 %, 80
2026/10/09 04:44:09.817, 72.49 W, 1395 MHz, 6251 MHz, 100 %, 80
2026/10/09 04:44:10.317, 72.30 W, 1425 MHz, 6251 MHz, 100 %, 80
2026/10/09 04:44:10.817, 71.87 W, 1425 MHz, 6251 MHz, 100 %, 80
2026/10/09 04:44:11.317, 71.48 W, 1455 MHz, 6251 MHz, 100 %, 80
2026/10/09 04:44:11.817, 71.31 W, 1110 MHz, 6251 MHz, 100 %, 79
2026/10/09 04:44:12.318, 70.74 W, 1275 MHz, 6251 MHz, 100 %, 79
2026/10/09 04:44:12.818, 71.69 W, 1440 MHz, 6251 MHz, 100 %, 79
2026/10/09 04:44:13.318, 71.69 W, 705 MHz, 6251 MHz, 100 %, 79
2026/10/09 04:44:13.818, 71.89 W, 1425 MHz, 6251 MHz, 100 %, 79
2026/10/09 04:44:14.318, 72.24 W, 1320 MHz, 6251 MHz, 100 %, 79
2026/10/09 04:44:14.819, 72.34 W, 780 MHz, 6251 MHz, 100 %, 79
2026/10/09 04:44:15.319, 71.16 W, 795 MHz, 6251 MHz, 100 %, 79
2026/10/09 04:44:15.819, 70.93 W, 720 MHz, 6251 MHz, 100 %, 79
2026/10/09 04:44:16.319, 71.89 W, 1425 MHz, 6251 MHz, 100 %, 78
2026/10/09 04:44:16.819, 71.86 W, 1260 MHz, 6251 MHz, 100 %, 78
2026/10/09 04:44:17.319, 71.43 W, 1260 MHz, 6251 MHz, 100 %, 78
2026/10/09 04:44:17.819, 71.48 W, 1305 MHz, 6251 MHz, 100 %, 78
2026/10/09 04:44:18.320, 71.63 W, 1365 MHz, 6251 MHz, 100 %, 78
2026/10/09 04:44:18.820, 71.83 W, 1305 MHz, 6251 MHz, 100 %, 77
2026/10/09 04:44:19.320, 72.17 W, 1380 MHz, 6251 MHz, 100 %, 77
2026/10/09 04:44:19.820, 72.00 W, 1350 MHz, 6251 MHz, 100 %, 77
2026/10/09 04:44:20.320, 72.09 W, 1395 MHz, 6251 MHz, 100 %, 77
2026/10/09 04:44:20.821, 71.82 W, 1350 MHz, 6251 MHz, 100 %, 77
2026/10/09 04:44:21.321, 72.01 W, 1410 MHz, 6251 MHz, 100 %, 77
2026/10/09 04:44:21.821, 72.18 W, 1455 MHz, 6251 MHz, 100 %, 77
2026/10/09 04:44:22.321, 72.22 W, 1470 MHz, 6251 MHz, 100 %, 77
2026/10/09 04:44:22.821, 71.81 W, 1440 MHz, 6251 MHz, 100 %, 77
2026/10/09 04:44:23.321, 71.80 W, 1485 MHz, 6251 MHz, 100 %, 77
2026/10/09 04:44:23.822, 71.96 W, 1455 MHz, 6251 MHz, 100 %, 77
2026/10/09 04:44:24.322, 72.06 W, 1530 MHz, 6251 MHz, 100 %, 77
2026/10/09 04:44:24.822, 72.12 W, 1425 MHz, 6251 MHz, 100 %, 77
2026/10/09 04:44:25.322, 72.17 W, 1440 MHz, 6251 MHz, 100 %, 77
2026/10/09 04:44:25.822, 71.98 W, 1575 MHz, 6251 MHz, 99 %, 77
2026/10/09 04:44:26.322, 55.48 W, 2040 MHz, 6251 MHz, 0 %, 74
2026/10/09 04:44:26.822, 38.60 W, 2040 MHz, 6251 MHz, 0 %, 74
2026/10/09 04:44:27.323, 35.31 W, 2040 MHz, 6251 MHz, 0 %, 74
2026/10/09 04:44:27.823, 35.19 W, 2040 MHz, 6251 MHz, 0 %, 73
2026/10/09 04:44:28.323, 35.08 W, 2040 MHz, 6251 MHz, 0 %, 73
2026/10/09 04:44:28.823, 35.00 W, 2040 MHz, 6251 MHz, 0 %, 73
2026/10/09 04:44:29.323, 54.32 W, 975 MHz, 6251 MHz, 100 %, 75
2026/10/09 04:44:29.823, 71.97 W, 795 MHz, 6251 MHz, 100 %, 76
2026/10/09 04:44:30.324, 73.46 W, 675 MHz, 6251 MHz, 100 %, 75
2026/10/09 04:44:30.824, 71.54 W, 705 MHz, 6251 MHz, 100 %, 76
2026/10/09 04:44:31.324, 72.17 W, 1335 MHz, 6251 MHz, 100 %, 75
2026/10/09 04:44:31.824, 70.94 W, 1410 MHz, 6251 MHz, 100 %, 75
2026/10/09 04:44:32.324, 71.85 W, 1230 MHz, 6251 MHz, 100 %, 74
2026/10/09 04:44:32.824, 71.42 W, 885 MHz, 6251 MHz, 100 %, 76
2026/10/09 04:44:33.324, 70.61 W, 825 MHz, 6251 MHz, 100 %, 76
2026/10/09 04:44:33.825, 70.53 W, 945 MHz, 6251 MHz, 100 %, 76
2026/10/09 04:44:34.325, 71.66 W, 825 MHz, 6251 MHz, 100 %, 76
2026/10/09 04:44:34.825, 71.03 W, 915 MHz, 6251 MHz, 100 %, 76
2026/10/09 04:44:35.325, 71.01 W, 765 MHz, 6251 MHz, 100 %, 75
2026/10/09 04:44:35.825, 71.38 W, 1065 MHz, 6251 MHz, 100 %, 76
2026/10/09 04:44:36.325, 71.53 W, 1005 MHz, 6251 MHz, 100 %, 77
2026/10/09 04:44:36.826, 70.96 W, 1020 MHz, 6251 MHz, 100 %, 77
2026/10/09 04:44:37.326, 71.88 W, 1245 MHz, 6251 MHz, 100 %, 77
2026/10/09 04:44:37.826, 71.59 W, 795 MHz, 6251 MHz, 100 %, 75
2026/10/09 04:44:38.326, 71.37 W, 855 MHz, 6251 MHz, 100 %, 77
2026/10/09 04:44:38.826, 71.84 W, 1095 MHz, 6251 MHz, 100 %, 76
2026/10/09 04:44:39.326, 72.34 W, 960 MHz, 6251 MHz, 100 %, 77
2026/10/09 04:44:39.827, 72.01 W, 1110 MHz, 6251 MHz, 100 %, 75
2026/10/09 04:44:40.327, 71.57 W, 1080 MHz, 6251 MHz, 100 %, 75
2026/10/09 04:44:40.827, 71.74 W, 1005 MHz, 6251 MHz, 100 %, 77
2026/10/09 04:44:41.327, 71.86 W, 1020 MHz, 6251 MHz, 100 %, 77
2026/10/09 04:44:41.827, 71.62 W, 1035 MHz, 6251 MHz, 100 %, 76
2026/10/09 04:44:42.327, 72.08 W, 1035 MHz, 6251 MHz, 100 %, 77
2026/10/09 04:44:42.828, 72.66 W, 1110 MHz, 6251 MHz, 100 %, 76
2026/10/09 04:44:43.328, 71.96 W, 1020 MHz, 6251 MHz, 100 %, 77
2026/10/09 04:44:43.828, 71.56 W, 990 MHz, 6251 MHz, 100 %, 77
2026/10/09 04:44:44.328, 71.95 W, 885 MHz, 6251 MHz, 100 %, 77
2026/10/09 04:44:44.828, 71.87 W, 1050 MHz, 6251 MHz, 100 %, 77
2026/10/09 04:44:45.329, 71.75 W, 1035 MHz, 6251 MHz, 100 %, 77
2026/10/09 04:44:45.829, 72.05 W, 825 MHz, 6251 MHz, 100 %, 76
2026/10/09 04:44:46.329, 71.86 W, 915 MHz, 6251 MHz, 100 %, 76
2026/10/09 04:44:46.829, 71.84 W, 960 MHz, 6251 MHz, 100 %, 76
2026/10/09 04:44:47.329, 71.89 W, 990 MHz, 6251 MHz, 100 %, 77
2026/10/09 04:44:47.829, 72.25 W, 930 MHz, 6251 MHz, 100 %, 77
2026/10/09 04:44:48.330, 72.14 W, 1080 MHz, 6251 MHz, 100 %, 76
2026/10/09 04:44:48.830, 71.98 W, 855 MHz, 6251 MHz, 100 %, 76
2026/10/09 04:44:49.330, 71.47 W, 885 MHz, 6251 MHz, 100 %, 76
2026/10/09 04:44:49.830, 71.59 W, 1140 MHz, 6251 MHz, 100 %, 76
2026/10/09 04:44:50.330, 71.66 W, 960 MHz, 6251 MHz, 100 %, 76
2026/10/09 04:44:50.831, 71.52 W, 915 MHz, 6251 MHz, 100 %, 76
2026/10/09 04:44:51.331, 71.86 W, 885 MHz, 6251 MHz, 100 %, 77
2026/10/09 04:44:51.831, 72.18 W, 1080 MHz, 6251 MHz, 100 %, 76
2026/10/09 04:44:52.331, 72.01 W, 990 MHz, 6251 MHz, 100 %, 77
2026/10/09 04:44:52.831, 72.08 W, 900 MHz, 6251 MHz, 100 %, 77
2026/10/09 04:44:53.331, 72.01 W, 1005 MHz, 6251 MHz, 100 %, 77
2026/10/09 04:44:53.831, 71.79 W, 870 MHz, 6251 MHz, 100 %, 77
2026/10/09 04:44:54.332, 72.13 W, 960 MHz, 6251 MHz, 100 %, 77
2026/10/09 04:44:54.832, 72.06 W, 1125 MHz, 6251 MHz, 100 %, 76
2026/10/09 04:44:55.332, 72.47 W, 1050 MHz, 6251 MHz, 100 %, 78
2026/10/09 04:44:55.832, 72.05 W, 1140 MHz, 6251 MHz, 100 %, 77
2026/10/09 04:44:56.332, 71.69 W, 1035 MHz, 6251 MHz, 100 %, 77
2026/10/09 04:44:56.832, 71.82 W, 1035 MHz, 6251 MHz, 100 %, 78
2026/10/09 04:44:57.333, 71.35 W, 1050 MHz, 6251 MHz, 100 %, 78
2026/10/09 04:44:57.833, 71.60 W, 1020 MHz, 6251 MHz, 100 %, 78
2026/10/09 04:44:58.333, 72.08 W, 1005 MHz, 6251 MHz, 100 %, 78
2026/10/09 04:44:58.833, 72.12 W, 1005 MHz, 6251 MHz, 100 %, 78
2026/10/09 04:44:59.333, 71.96 W, 1035 MHz, 6251 MHz, 100 %, 78
2026/10/09 04:44:59.833, 72.31 W, 1005 MHz, 6251 MHz, 100 %, 78
2026/10/09 04:45:00.334, 72.48 W, 960 MHz, 6251 MHz, 100 %, 78
2026/10/09 04:45:00.834, 72.28 W, 1170 MHz, 6251 MHz, 100 %, 77
2026/10/09 04:45:01.334, 71.64 W, 960 MHz, 6251 MHz, 100 %, 78
2026/10/09 04:45:01.834, 71.51 W, 990 MHz, 6251 MHz, 100 %, 79
2026/10/09 04:45:02.334, 71.25 W, 1020 MHz, 6251 MHz, 100 %, 79
2026/10/09 04:45:02.834, 71.18 W, 1035 MHz, 6251 MHz, 100 %, 79
2026/10/09 04:45:03.335, 71.22 W, 1005 MHz, 6251 MHz, 100 %, 79
2026/10/09 04:45:03.835, 71.45 W, 1020 MHz, 6251 MHz, 100 %, 79
2026/10/09 04:45:04.335, 71.55 W, 1035 MHz, 6251 MHz, 100 %, 79
2026/10/09 04:45:04.835, 72.02 W, 960 MHz, 6251 MHz, 100 %, 79
2026/10/09 04:45:05.335, 71.80 W, 990 MHz, 6251 MHz, 100 %, 80
2026/10/09 04:45:05.835, 71.67 W, 1005 MHz, 6251 MHz, 100 %, 79
2026/10/09 04:45:06.336, 72.06 W, 1140 MHz, 6251 MHz, 100 %, 78
2026/10/09 04:45:06.836, 72.56 W, 945 MHz, 6251 MHz, 100 %, 79
2026/10/09 04:45:07.336, 72.33 W, 1215 MHz, 6251 MHz, 100 %, 78
2026/10/09 04:45:07.836, 71.83 W, 1155 MHz, 6251 MHz, 100 %, 78
2026/10/09 04:45:08.336, 72.06 W, 1215 MHz, 6251 MHz, 100 %, 78
2026/10/09 04:45:08.836, 72.10 W, 1140 MHz, 6251 MHz, 100 %, 78
2026/10/09 04:45:09.336, 71.87 W, 1245 MHz, 6251 MHz, 100 %, 79
2026/10/09 04:45:09.837, 71.87 W, 1200 MHz, 6251 MHz, 100 %, 79
2026/10/09 04:45:10.337, 72.32 W, 1230 MHz, 6251 MHz, 100 %, 79
2026/10/09 04:45:10.837, 71.84 W, 1125 MHz, 6251 MHz, 100 %, 79
2026/10/09 04:45:11.337, 72.21 W, 1230 MHz, 6251 MHz, 100 %, 79
2026/10/09 04:45:11.837, 70.99 W, 1230 MHz, 6251 MHz, 100 %, 79
2026/10/09 04:45:12.338, 71.13 W, 1155 MHz, 6251 MHz, 100 %, 79
2026/10/09 04:45:12.838, 71.77 W, 975 MHz, 6251 MHz, 100 %, 81
2026/10/09 04:45:13.338, 72.30 W, 945 MHz, 6251 MHz, 100 %, 80
2026/10/09 04:45:13.838, 71.26 W, 990 MHz, 6251 MHz, 100 %, 81
2026/10/09 04:45:14.338, 71.33 W, 1275 MHz, 6251 MHz, 100 %, 79
2026/10/09 04:45:14.838, 71.71 W, 1245 MHz, 6251 MHz, 100 %, 79
2026/10/09 04:45:15.339, 71.83 W, 1335 MHz, 6251 MHz, 100 %, 80
2026/10/09 04:45:15.839, 72.61 W, 960 MHz, 6251 MHz, 100 %, 81
2026/10/09 04:45:16.339, 73.67 W, 975 MHz, 6251 MHz, 100 %, 82
2026/10/09 04:45:16.839, 72.54 W, 1245 MHz, 6251 MHz, 100 %, 80
2026/10/09 04:45:17.339, 72.92 W, 1050 MHz, 6251 MHz, 100 %, 82
2026/10/09 04:45:17.840, 71.85 W, 960 MHz, 6251 MHz, 100 %, 82
2026/10/09 04:45:18.340, 72.12 W, 1050 MHz, 6251 MHz, 100 %, 82
2026/10/09 04:45:18.840, 71.92 W, 1290 MHz, 6251 MHz, 100 %, 81
2026/10/09 04:45:19.340, 71.57 W, 990 MHz, 6251 MHz, 100 %, 82
2026/10/09 04:45:19.840, 70.69 W, 1065 MHz, 6251 MHz, 100 %, 83
2026/10/09 04:45:20.341, 71.68 W, 990 MHz, 6251 MHz, 100 %, 83
2026/10/09 04:45:20.841, 71.72 W, 1005 MHz, 6251 MHz, 100 %, 83
2026/10/09 04:45:21.341, 71.07 W, 1275 MHz, 6251 MHz, 100 %, 81
2026/10/09 04:45:21.841, 71.36 W, 1245 MHz, 6251 MHz, 100 %, 81
2026/10/09 04:45:22.341, 72.13 W, 1020 MHz, 6251 MHz, 100 %, 83
2026/10/09 04:45:22.841, 72.51 W, 1005 MHz, 6251 MHz, 100 %, 83
2026/10/09 04:45:23.342, 72.03 W, 1005 MHz, 6251 MHz, 100 %, 83
2026/10/09 04:45:23.842, 72.13 W, 1020 MHz, 6251 MHz, 100 %, 83
2026/10/09 04:45:24.342, 71.49 W, 1020 MHz, 6251 MHz, 100 %, 83
2026/10/09 04:45:24.842, 71.48 W, 960 MHz, 6251 MHz, 100 %, 83
2026/10/09 04:45:25.342, 71.38 W, 1035 MHz, 6251 MHz, 100 %, 83
2026/10/09 04:45:25.843, 71.49 W, 1020 MHz, 6251 MHz, 100 %, 83
2026/10/09 04:45:26.343, 72.22 W, 945 MHz, 6251 MHz, 100 %, 83
2026/10/09 04:45:26.843, 72.45 W, 990 MHz, 6251 MHz, 100 %, 83
2026/10/09 04:45:27.343, 71.91 W, 1170 MHz, 6251 MHz, 100 %, 82
2026/10/09 04:45:27.843, 71.70 W, 1275 MHz, 6251 MHz, 100 %, 82
2026/10/09 04:45:28.343, 71.86 W, 1305 MHz, 6251 MHz, 100 %, 81
2026/10/09 04:45:28.844, 71.68 W, 1305 MHz, 6251 MHz, 100 %, 81
2026/10/09 04:45:29.344, 71.87 W, 1320 MHz, 6251 MHz, 100 %, 81
2026/10/09 04:45:29.844, 72.33 W, 1290 MHz, 6251 MHz, 100 %, 81
2026/10/09 04:45:30.344, 72.13 W, 1305 MHz, 6251 MHz, 100 %, 81
2026/10/09 04:45:30.844, 71.38 W, 1320 MHz, 6251 MHz, 100 %, 81
2026/10/09 04:45:31.344, 71.60 W, 1335 MHz, 6251 MHz, 100 %, 81
2026/10/09 04:45:31.845, 71.93 W, 1290 MHz, 6251 MHz, 100 %, 81
2026/10/09 04:45:32.345, 72.05 W, 1275 MHz, 6251 MHz, 100 %, 81
2026/10/09 04:45:32.845, 72.03 W, 1290 MHz, 6251 MHz, 100 %, 80
2026/10/09 04:45:33.345, 72.54 W, 1170 MHz, 6251 MHz, 100 %, 81
2026/10/09 04:45:33.845, 72.21 W, 1320 MHz, 6251 MHz, 100 %, 80
2026/10/09 04:45:34.345, 70.94 W, 1230 MHz, 6251 MHz, 100 %, 81
2026/10/09 04:45:34.846, 71.09 W, 1065 MHz, 6251 MHz, 100 %, 81
2026/10/09 04:45:35.346, 70.98 W, 945 MHz, 6251 MHz, 100 %, 81
2026/10/09 04:45:35.846, 70.97 W, 975 MHz, 6251 MHz, 100 %, 81
2026/10/09 04:45:36.346, 71.28 W, 915 MHz, 6251 MHz, 100 %, 82
2026/10/09 04:45:36.846, 71.70 W, 1065 MHz, 6251 MHz, 100 %, 82
2026/10/09 04:45:37.347, 71.87 W, 945 MHz, 6251 MHz, 100 %, 81
2026/10/09 04:45:37.847, 71.87 W, 1035 MHz, 6251 MHz, 100 %, 82
2026/10/09 04:45:38.347, 71.54 W, 975 MHz, 6251 MHz, 100 %, 82
2026/10/09 04:45:38.847, 71.88 W, 1035 MHz, 6251 MHz, 100 %, 82
2026/10/09 04:45:39.347, 71.65 W, 1305 MHz, 6251 MHz, 100 %, 81
2026/10/09 04:45:39.847, 71.50 W, 1050 MHz, 6251 MHz, 100 %, 82
2026/10/09 04:45:40.348, 71.11 W, 1005 MHz, 6251 MHz, 100 %, 82
2026/10/09 04:45:40.848, 71.60 W, 1020 MHz, 6251 MHz, 100 %, 82
2026/10/09 04:45:41.348, 72.03 W, 1020 MHz, 6251 MHz, 100 %, 82
2026/10/09 04:45:41.848, 72.20 W, 1350 MHz, 6251 MHz, 100 %, 80
2026/10/09 04:45:42.348, 71.82 W, 1260 MHz, 6251 MHz, 100 %, 80
2026/10/09 04:45:42.849, 71.21 W, 1020 MHz, 6251 MHz, 100 %, 82
2026/10/09 04:45:43.349, 71.32 W, 945 MHz, 6251 MHz, 100 %, 82
2026/10/09 04:45:43.849, 72.36 W, 1065 MHz, 6251 MHz, 100 %, 82
2026/10/09 04:45:44.349, 72.19 W, 975 MHz, 6251 MHz, 100 %, 82
2026/10/09 04:45:44.849, 71.65 W, 1065 MHz, 6251 MHz, 100 %, 82
2026/10/09 04:45:45.350, 71.52 W, 960 MHz, 6251 MHz, 100 %, 82
2026/10/09 04:45:45.850, 72.88 W, 1050 MHz, 6251 MHz, 100 %, 82
2026/10/09 04:45:46.350, 72.71 W, 930 MHz, 6251 MHz, 100 %, 82
2026/10/09 04:45:46.850, 72.11 W, 1050 MHz, 6251 MHz, 100 %, 82
2026/10/09 04:45:47.350, 71.79 W, 930 MHz, 6251 MHz, 100 %, 82
2026/10/09 04:45:47.851, 71.65 W, 1380 MHz, 6251 MHz, 100 %, 81
2026/10/09 04:45:48.351, 71.74 W, 1275 MHz, 6251 MHz, 100 %, 80
2026/10/09 04:45:48.851, 72.25 W, 1395 MHz, 6251 MHz, 100 %, 80
2026/10/09 04:45:49.351, 71.74 W, 1260 MHz, 6251 MHz, 100 %, 80
2026/10/09 04:45:49.851, 72.11 W, 1380 MHz, 6251 MHz, 100 %, 80
2026/10/09 04:45:50.351, 71.86 W, 1290 MHz, 6251 MHz, 100 %, 80
2026/10/09 04:45:50.852, 72.05 W, 1380 MHz, 6251 MHz, 100 %, 80
2026/10/09 04:45:51.352, 71.88 W, 1305 MHz, 6251 MHz, 100 %, 80
2026/10/09 04:45:51.852, 72.19 W, 1365 MHz, 6251 MHz, 100 %, 80
2026/10/09 04:45:52.352, 71.92 W, 1320 MHz, 6251 MHz, 100 %, 80
2026/10/09 04:45:52.852, 72.02 W, 1350 MHz, 6251 MHz, 100 %, 81
2026/10/09 04:45:53.353, 72.18 W, 1305 MHz, 6251 MHz, 100 %, 80
2026/10/09 04:45:53.853, 72.14 W, 1365 MHz, 6251 MHz, 100 %, 80
2026/10/09 04:45:54.353, 71.90 W, 1305 MHz, 6251 MHz, 100 %, 81
2026/10/09 04:45:54.853, 71.53 W, 990 MHz, 6251 MHz, 100 %, 82
2026/10/09 04:45:55.354, 71.53 W, 930 MHz, 6251 MHz, 100 %, 82
2026/10/09 04:45:55.854, 72.05 W, 1050 MHz, 6251 MHz, 100 %, 83
2026/10/09 04:45:56.354, 71.90 W, 855 MHz, 6251 MHz, 100 %, 83
2026/10/09 04:45:56.854, 72.37 W, 1005 MHz, 6251 MHz, 100 %, 83
2026/10/09 04:45:57.354, 72.17 W, 930 MHz, 6251 MHz, 100 %, 83
2026/10/09 04:45:57.854, 71.92 W, 1005 MHz, 6251 MHz, 100 %, 83
2026/10/09 04:45:58.355, 72.08 W, 960 MHz, 6251 MHz, 100 %, 83
2026/10/09 04:45:58.855, 72.25 W, 1020 MHz, 6251 MHz, 100 %, 84
2026/10/09 04:45:59.355, 71.50 W, 1425 MHz, 6251 MHz, 100 %, 82
2026/10/09 04:45:59.855, 72.76 W, 945 MHz, 6251 MHz, 100 %, 83
2026/10/09 04:46:00.355, 72.76 W, 1005 MHz, 6251 MHz, 100 %, 83
2026/10/09 04:46:00.855, 71.83 W, 990 MHz, 6251 MHz, 100 %, 84
2026/10/09 04:46:01.356, 71.98 W, 915 MHz, 6251 MHz, 100 %, 83
2026/10/09 04:46:01.856, 71.29 W, 1455 MHz, 6251 MHz, 100 %, 82
2026/10/09 04:46:02.356, 71.76 W, 1380 MHz, 6251 MHz, 100 %, 82
2026/10/09 04:46:02.856, 71.79 W, 990 MHz, 6251 MHz, 100 %, 83
2026/10/09 04:46:03.356, 71.78 W, 885 MHz, 6251 MHz, 100 %, 83
2026/10/09 04:46:03.857, 72.32 W, 1005 MHz, 6251 MHz, 100 %, 83
2026/10/09 04:46:04.357, 71.82 W, 930 MHz, 6251 MHz, 100 %, 83
2026/10/09 04:46:04.857, 73.03 W, 1005 MHz, 6251 MHz, 100 %, 83
2026/10/09 04:46:05.357, 72.27 W, 1110 MHz, 6251 MHz, 100 %, 83
2026/10/09 04:46:05.857, 71.22 W, 990 MHz, 6251 MHz, 100 %, 83
2026/10/09 04:46:06.357, 70.94 W, 900 MHz, 6251 MHz, 100 %, 82
2026/10/09 04:46:06.858, 72.05 W, 1005 MHz, 6251 MHz, 100 %, 83
2026/10/09 04:46:07.358, 71.78 W, 930 MHz, 6251 MHz, 100 %, 82
2026/10/09 04:46:07.858, 72.18 W, 1470 MHz, 6251 MHz, 100 %, 81
2026/10/09 04:46:08.358, 72.04 W, 1320 MHz, 6251 MHz, 100 %, 81
2026/10/09 04:46:08.858, 71.89 W, 1455 MHz, 6251 MHz, 100 %, 81
2026/10/09 04:46:09.358, 71.77 W, 1350 MHz, 6251 MHz, 100 %, 80
2026/10/09 04:46:09.859, 72.05 W, 1455 MHz, 6251 MHz, 100 %, 81
2026/10/09 04:46:10.359, 71.88 W, 1380 MHz, 6251 MHz, 100 %, 80
2026/10/09 04:46:10.859, 72.12 W, 1440 MHz, 6251 MHz, 100 %, 80
2026/10/09 04:46:11.359, 71.84 W, 1380 MHz, 6251 MHz, 100 %, 80
2026/10/09 04:46:11.859, 72.04 W, 1440 MHz, 6251 MHz, 100 %, 80
2026/10/09 04:46:12.359, 71.82 W, 1380 MHz, 6251 MHz, 100 %, 80
2026/10/09 04:46:12.860, 72.12 W, 1440 MHz, 6251 MHz, 100 %, 80
2026/10/09 04:46:13.360, 71.94 W, 1395 MHz, 6251 MHz, 100 %, 80
2026/10/09 04:46:13.860, 72.11 W, 1455 MHz, 6251 MHz, 100 %, 80
2026/10/09 04:46:14.360, 71.35 W, 960 MHz, 6251 MHz, 100 %, 82
2026/10/09 04:46:14.860, 71.45 W, 975 MHz, 6251 MHz, 100 %, 82
2026/10/09 04:46:15.361, 72.99 W, 990 MHz, 6251 MHz, 100 %, 82
2026/10/09 04:46:15.861, 72.88 W, 885 MHz, 6251 MHz, 100 %, 82
2026/10/09 04:46:16.361, 71.60 W, 1455 MHz, 6251 MHz, 100 %, 80
2026/10/09 04:46:16.861, 71.69 W, 1380 MHz, 6251 MHz, 100 %, 80
2026/10/09 04:46:17.361, 72.12 W, 1500 MHz, 6251 MHz, 100 %, 80
2026/10/09 04:46:17.861, 71.86 W, 1410 MHz, 6251 MHz, 100 %, 80
2026/10/09 04:46:18.362, 72.06 W, 1500 MHz, 6251 MHz, 100 %, 80
2026/10/09 04:46:18.862, 71.89 W, 1470 MHz, 6251 MHz, 100 %, 80
2026/10/09 04:46:19.362, 72.25 W, 1560 MHz, 6251 MHz, 100 %, 80
2026/10/09 04:46:19.862, 71.82 W, 1530 MHz, 6251 MHz, 100 %, 80
2026/10/09 04:46:20.362, 72.04 W, 1560 MHz, 6251 MHz, 100 %, 80
2026/10/09 04:46:20.863, 71.96 W, 1545 MHz, 6251 MHz, 100 %, 80
2026/10/09 04:46:21.363, 72.09 W, 1545 MHz, 6251 MHz, 100 %, 80
2026/10/09 04:46:21.863, 72.13 W, 1515 MHz, 6251 MHz, 100 %, 80
2026/10/09 04:46:22.363, 72.01 W, 1545 MHz, 6251 MHz, 100 %, 80
2026/10/09 04:46:22.863, 72.03 W, 1530 MHz, 6251 MHz, 100 %, 80
2026/10/09 04:46:23.364, 72.07 W, 1545 MHz, 6251 MHz, 100 %, 80
2026/10/09 04:46:23.864, 72.09 W, 1530 MHz, 6251 MHz, 100 %, 80
2026/10/09 04:46:24.364, 72.07 W, 1530 MHz, 6251 MHz, 100 %, 80
2026/10/09 04:46:24.864, 66.89 W, 975 MHz, 6251 MHz, 50 %, 81
2026/10/09 04:46:25.364, 67.60 W, 1050 MHz, 6251 MHz, 100 %, 82
2026/10/09 04:46:25.864, 74.31 W, 930 MHz, 6251 MHz, 83 %, 82
2026/10/09 04:46:26.365, 72.53 W, 1005 MHz, 6251 MHz, 100 %, 82
2026/10/09 04:46:26.865, 73.47 W, 960 MHz, 6251 MHz, 84 %, 82
2026/10/09 04:46:27.365, 73.34 W, 1005 MHz, 6251 MHz, 100 %, 82
2026/10/09 04:46:27.865, 73.03 W, 1020 MHz, 6251 MHz, 83 %, 83
2026/10/09 04:46:28.365, 72.19 W, 1020 MHz, 6251 MHz, 100 %, 83
2026/10/09 04:46:28.866, 69.71 W, 1140 MHz, 6251 MHz, 85 %, 83
2026/10/09 04:46:29.366, 69.57 W, 990 MHz, 6251 MHz, 100 %, 83
2026/10/09 04:46:29.866, 69.37 W, 1485 MHz, 6251 MHz, 100 %, 83
2026/10/09 04:46:30.366, 72.27 W, 990 MHz, 6251 MHz, 100 %, 83
2026/10/09 04:46:30.866, 72.43 W, 1035 MHz, 6251 MHz, 100 %, 81
2026/10/09 04:46:31.366, 73.13 W, 1005 MHz, 6251 MHz, 100 %, 83
2026/10/09 04:46:31.866, 73.30 W, 1035 MHz, 6251 MHz, 100 %, 83
2026/10/09 04:46:32.367, 73.62 W, 975 MHz, 6251 MHz, 100 %, 83
2026/10/09 04:46:32.867, 73.43 W, 1050 MHz, 6251 MHz, 100 %, 83
2026/10/09 04:46:33.367, 71.03 W, 975 MHz, 6251 MHz, 100 %, 83
2026/10/09 04:46:33.867, 70.52 W, 1050 MHz, 6251 MHz, 100 %, 83
2026/10/09 04:46:34.367, 60.32 W, 2040 MHz, 6251 MHz, 1 %, 80
2026/10/09 04:46:34.867, 48.11 W, 2040 MHz, 6251 MHz, 0 %, 79
2026/10/09 04:46:35.368, 41.20 W, 2040 MHz, 6251 MHz, 0 %, 79
2026/10/09 04:46:35.868, 36.92 W, 2040 MHz, 6251 MHz, 0 %, 78
2026/10/09 04:46:36.368, 36.95 W, 2040 MHz, 6251 MHz, 0 %, 78
2026/10/09 04:46:36.868, 36.88 W, 2040 MHz, 6251 MHz, 0 %, 78
2026/10/09 04:46:37.368, 36.65 W, 2040 MHz, 6251 MHz, 0 %, 78
2026/10/09 04:46:37.868, 36.63 W, 2040 MHz, 6251 MHz, 0 %, 78
2026/10/09 04:46:38.368, 36.59 W, 2040 MHz, 6251 MHz, 0 %, 77
2026/10/09 04:46:38.869, 36.48 W, 2040 MHz, 6251 MHz, 0 %, 77
2026/10/09 04:46:39.369, 36.40 W, 2040 MHz, 6251 MHz, 0 %, 77
2026/10/09 04:46:39.869, 36.35 W, 2040 MHz, 6251 MHz, 0 %, 77
2026/10/09 04:46:40.369, 36.29 W, 2040 MHz, 6251 MHz, 0 %, 77
2026/10/09 04:46:40.869, 36.27 W, 2040 MHz, 6251 MHz, 0 %, 77
2026/10/09 04:46:41.369, 36.18 W, 2040 MHz, 6251 MHz, 0 %, 77
2026/10/09 04:46:41.869, 36.12 W, 2040 MHz, 6251 MHz, 0 %, 76
2026/10/09 04:46:42.370, 36.09 W, 2040 MHz, 6251 MHz, 0 %, 76
2026/10/09 04:46:42.870, 35.99 W, 2040 MHz, 6251 MHz, 0 %, 76
2026/10/09 04:46:43.370, 35.93 W, 2040 MHz, 6251 MHz, 0 %, 76
2026/10/09 04:46:43.870, 35.91 W, 2040 MHz, 6251 MHz, 0 %, 76
2026/10/09 04:46:44.370, 35.83 W, 2040 MHz, 6251 MHz, 0 %, 76
2026/10/09 04:46:44.870, 35.83 W, 2040 MHz, 6251 MHz, 0 %, 76
2026/10/09 04:46:45.370, 35.82 W, 2040 MHz, 6251 MHz, 0 %, 76
2026/10/09 04:46:45.871, 35.72 W, 2040 MHz, 6251 MHz, 0 %, 75
2026/10/09 04:46:46.371, 35.73 W, 2040 MHz, 6251 MHz, 0 %, 75
2026/10/09 04:46:46.871, 35.70 W, 2040 MHz, 6251 MHz, 0 %, 75
2026/10/09 04:46:47.371, 35.67 W, 2040 MHz, 6251 MHz, 0 %, 75
2026/10/09 04:46:47.871, 35.65 W, 2040 MHz, 6251 MHz, 0 %, 75
2026/10/09 04:46:48.371, 35.58 W, 2040 MHz, 6251 MHz, 0 %, 75
2026/10/09 04:46:48.872, 35.51 W, 2040 MHz, 6251 MHz, 0 %, 75
2026/10/09 04:46:49.372, 35.54 W, 2040 MHz, 6251 MHz, 0 %, 75
2026/10/09 04:46:49.872, 35.53 W, 2040 MHz, 6251 MHz, 0 %, 75
2026/10/09 04:46:50.372, 35.44 W, 2040 MHz, 6251 MHz, 0 %, 75
2026/10/09 04:46:50.872, 35.44 W, 2040 MHz, 6251 MHz, 0 %, 75
2026/10/09 04:46:51.372, 35.47 W, 2040 MHz, 6251 MHz, 0 %, 75
2026/10/09 04:46:51.872, 35.43 W, 2040 MHz, 6251 MHz, 0 %, 75
2026/10/09 04:46:52.373, 35.43 W, 2040 MHz, 6251 MHz, 0 %, 74
2026/10/09 04:46:52.873, 35.40 W, 2040 MHz, 6251 MHz, 0 %, 74
2026/10/09 04:46:53.373, 35.33 W, 2040 MHz, 6251 MHz, 0 %, 74
2026/10/09 04:46:53.873, 35.55 W, 2040 MHz, 6251 MHz, 0 %, 74
2026/10/09 04:46:54.373, 35.74 W, 2040 MHz, 6251 MHz, 3 %, 74
2026/10/09 04:46:54.873, 35.54 W, 2040 MHz, 6251 MHz, 0 %, 74
2026/10/09 04:46:55.373, 35.45 W, 2040 MHz, 6251 MHz, 0 %, 74
2026/10/09 04:46:55.874, 35.44 W, 2040 MHz, 6251 MHz, 4 %, 74
2026/10/09 04:46:56.374, 35.45 W, 2040 MHz, 6251 MHz, 1 %, 74
2026/10/09 04:46:56.874, 35.32 W, 2040 MHz, 6251 MHz, 1 %, 74
2026/10/09 04:46:57.374, 35.27 W, 2040 MHz, 6251 MHz, 1 %, 74
2026/10/09 04:46:57.874, 35.29 W, 2040 MHz, 6251 MHz, 1 %, 74
2026/10/09 04:46:58.374, 35.30 W, 2040 MHz, 6251 MHz, 1 %, 74
2026/10/09 04:46:58.875, 35.24 W, 2040 MHz, 6251 MHz, 1 %, 74
2026/10/09 04:46:59.375, 35.27 W, 2040 MHz, 6251 MHz, 1 %, 74
2026/10/09 04:46:59.875, 35.29 W, 2040 MHz, 6251 MHz, 1 %, 74
2026/10/09 04:47:00.375, 35.21 W, 2040 MHz, 6251 MHz, 1 %, 74
2026/10/09 04:47:00.875, 35.25 W, 2040 MHz, 6251 MHz, 1 %, 74
2026/10/09 04:47:01.375, 35.26 W, 2040 MHz, 6251 MHz, 1 %, 74
2026/10/09 04:47:01.875, 35.18 W, 2040 MHz, 6251 MHz, 1 %, 74
2026/10/09 04:47:02.376, 35.20 W, 2040 MHz, 6251 MHz, 1 %, 74
2026/10/09 04:47:02.876, 35.24 W, 2040 MHz, 6251 MHz, 1 %, 74
2026/10/09 04:47:03.376, 35.17 W, 2040 MHz, 6251 MHz, 1 %, 74
2026/10/09 04:47:03.876, 35.21 W, 2040 MHz, 6251 MHz, 1 %, 74
2026/10/09 04:47:04.376, 35.26 W, 2040 MHz, 6251 MHz, 1 %, 74
2026/10/09 04:47:04.876, 35.19 W, 2040 MHz, 6251 MHz, 1 %, 74
2026/10/09 04:47:05.377, 35.22 W, 2040 MHz, 6251 MHz, 1 %, 74
2026/10/09 04:47:05.877, 35.24 W, 2040 MHz, 6251 MHz, 1 %, 74
2026/10/09 04:47:06.377, 35.19 W, 2040 MHz, 6251 MHz, 1 %, 74
2026/10/09 04:47:06.877, 35.19 W, 2040 MHz, 6251 MHz, 1 %, 74
2026/10/09 04:47:07.377, 35.22 W, 2040 MHz, 6251 MHz, 1 %, 74
2026/10/09 04:47:07.877, 35.20 W, 2040 MHz, 6251 MHz, 1 %, 74
2026/10/09 04:47:08.377, 35.22 W, 2040 MHz, 6251 MHz, 1 %, 74
2026/10/09 04:47:08.878, 35.22 W, 2040 MHz, 6251 MHz, 1 %, 74
2026/10/09 04:47:09.378, 35.18 W, 2040 MHz, 6251 MHz, 1 %, 74
2026/10/09 04:47:09.878, 35.21 W, 2040 MHz, 6251 MHz, 1 %, 74
2026/10/09 04:47:10.378, 35.24 W, 2040 MHz, 6251 MHz, 1 %, 74
2026/10/09 04:47:10.878, 35.23 W, 2040 MHz, 6251 MHz, 1 %, 74
2026/10/09 04:47:11.378, 35.24 W, 2040 MHz, 6251 MHz, 1 %, 74
2026/10/09 04:47:11.878, 35.28 W, 2040 MHz, 6251 MHz, 1 %, 74
2026/10/09 04:47:12.379, 35.28 W, 2040 MHz, 6251 MHz, 1 %, 74
2026/10/09 04:47:12.879, 35.23 W, 2040 MHz, 6251 MHz, 1 %, 74
2026/10/09 04:47:13.379, 35.30 W, 2040 MHz, 6251 MHz, 1 %, 74
2026/10/09 04:47:13.879, 35.32 W, 2040 MHz, 6251 MHz, 1 %, 74
2026/10/09 04:47:14.379, 35.28 W, 2040 MHz, 6251 MHz, 1 %, 74
2026/10/09 04:47:14.879, 35.35 W, 2040 MHz, 6251 MHz, 1 %, 74
2026/10/09 04:47:15.379, 35.39 W, 2040 MHz, 6251 MHz, 1 %, 74
2026/10/09 04:47:15.880, 35.36 W, 2040 MHz, 6251 MHz, 1 %, 74
2026/10/09 04:47:16.380, 35.40 W, 2040 MHz, 6251 MHz, 1 %, 74
2026/10/09 04:47:16.880, 35.42 W, 2040 MHz, 6251 MHz, 1 %, 74
2026/10/09 04:47:17.380, 35.40 W, 2040 MHz, 6251 MHz, 1 %, 74
2026/10/09 04:47:17.880, 35.43 W, 2040 MHz, 6251 MHz, 1 %, 75
2026/10/09 04:47:18.380, 35.48 W, 2040 MHz, 6251 MHz, 1 %, 75
2026/10/09 04:47:18.881, 35.46 W, 2040 MHz, 6251 MHz, 1 %, 75
2026/10/09 04:47:19.381, 35.39 W, 2040 MHz, 6251 MHz, 1 %, 75
2026/10/09 04:47:19.881, 35.44 W, 2040 MHz, 6251 MHz, 1 %, 75
2026/10/09 04:47:20.381, 35.52 W, 2040 MHz, 6251 MHz, 1 %, 75
2026/10/09 04:47:20.881, 35.52 W, 2040 MHz, 6251 MHz, 1 %, 75
2026/10/09 04:47:21.381, 35.46 W, 2040 MHz, 6251 MHz, 1 %, 75
2026/10/09 04:47:21.881, 35.51 W, 2040 MHz, 6251 MHz, 1 %, 75
2026/10/09 04:47:22.382, 35.58 W, 2040 MHz, 6251 MHz, 1 %, 75
2026/10/09 04:47:22.882, 35.55 W, 2040 MHz, 6251 MHz, 1 %, 75
2026/10/09 04:47:23.382, 35.52 W, 2040 MHz, 6251 MHz, 1 %, 75
2026/10/09 04:47:23.882, 35.57 W, 2040 MHz, 6251 MHz, 1 %, 75
2026/10/09 04:47:24.382, 35.61 W, 2040 MHz, 6251 MHz, 1 %, 75
2026/10/09 04:47:24.882, 35.56 W, 2040 MHz, 6251 MHz, 1 %, 75
2026/10/09 04:47:25.383, 35.57 W, 2040 MHz, 6251 MHz, 1 %, 75
2026/10/09 04:47:25.883, 35.65 W, 2040 MHz, 6251 MHz, 1 %, 75
2026/10/09 04:47:26.383, 35.65 W, 2040 MHz, 6251 MHz, 1 %, 75
2026/10/09 04:47:26.883, 35.61 W, 2040 MHz, 6251 MHz, 1 %, 75
2026/10/09 04:47:27.383, 35.66 W, 2040 MHz, 6251 MHz, 1 %, 75
2026/10/09 04:47:27.883, 35.71 W, 2040 MHz, 6251 MHz, 1 %, 75
2026/10/09 04:47:28.383, 35.70 W, 2040 MHz, 6251 MHz, 1 %, 75
2026/10/09 04:47:28.884, 35.64 W, 2040 MHz, 6251 MHz, 1 %, 75
2026/10/09 04:47:29.384, 35.70 W, 2040 MHz, 6251 MHz, 1 %, 76
2026/10/09 04:47:29.884, 35.75 W, 2040 MHz, 6251 MHz, 1 %, 76
2026/10/09 04:47:30.384, 35.73 W, 2040 MHz, 6251 MHz, 1 %, 76
2026/10/09 04:47:30.884, 35.70 W, 2040 MHz, 6251 MHz, 1 %, 76
2026/10/09 04:47:31.384, 35.79 W, 2040 MHz, 6251 MHz, 1 %, 76
2026/10/09 04:47:31.884, 35.84 W, 2040 MHz, 6251 MHz, 1 %, 76
2026/10/09 04:47:32.385, 35.83 W, 2040 MHz, 6251 MHz, 1 %, 76
2026/10/09 04:47:32.885, 35.76 W, 2040 MHz, 6251 MHz, 1 %, 76
2026/10/09 04:47:33.385, 35.81 W, 2040 MHz, 6251 MHz, 1 %, 76
2026/10/09 04:47:33.885, 35.84 W, 2040 MHz, 6251 MHz, 1 %, 76
2026/10/09 04:47:34.385, 35.83 W, 2040 MHz, 6251 MHz, 1 %, 76
2026/10/09 04:47:34.885, 35.78 W, 2040 MHz, 6251 MHz, 1 %, 76
2026/10/09 04:47:35.386, 35.82 W, 2040 MHz, 6251 MHz, 1 %, 76
2026/10/09 04:47:35.886, 35.91 W, 2040 MHz, 6251 MHz, 1 %, 76
2026/10/09 04:47:36.386, 35.97 W, 2040 MHz, 6251 MHz, 1 %, 76
2026/10/09 04:47:36.886, 35.91 W, 2040 MHz, 6251 MHz, 1 %, 76
2026/10/09 04:47:37.386, 35.90 W, 2040 MHz, 6251 MHz, 1 %, 76
2026/10/09 04:47:37.886, 35.95 W, 2040 MHz, 6251 MHz, 1 %, 76
2026/10/09 04:47:38.387, 36.00 W, 2040 MHz, 6251 MHz, 1 %, 76
2026/10/09 04:47:38.887, 35.96 W, 2040 MHz, 6251 MHz, 1 %, 76
2026/10/09 04:47:39.387, 35.91 W, 2040 MHz, 6251 MHz, 1 %, 76
2026/10/09 04:47:39.887, 35.92 W, 2040 MHz, 6251 MHz, 1 %, 76
2026/10/09 04:47:40.387, 36.01 W, 2040 MHz, 6251 MHz, 1 %, 76
2026/10/09 04:47:40.887, 36.03 W, 2040 MHz, 6251 MHz, 1 %, 76
2026/10/09 04:47:41.388, 36.01 W, 2040 MHz, 6251 MHz, 1 %, 76
2026/10/09 04:47:41.888, 39.95 W, 2040 MHz, 6251 MHz, 30 %, 78
2026/10/09 04:47:42.388, 41.17 W, 2040 MHz, 6251 MHz, 0 %, 77
2026/10/09 04:47:42.888, 39.27 W, 2040 MHz, 6251 MHz, 1 %, 77
2026/10/09 04:47:43.388, 36.59 W, 2040 MHz, 6251 MHz, 0 %, 77
2026/10/09 04:47:43.888, 36.11 W, 2040 MHz, 6251 MHz, 0 %, 77
2026/10/09 04:47:44.388, 36.08 W, 2040 MHz, 6251 MHz, 0 %, 77
2026/10/09 04:47:44.889, 36.09 W, 2040 MHz, 6251 MHz, 0 %, 77
2026/10/09 04:47:45.389, 36.14 W, 2040 MHz, 6251 MHz, 0 %, 77
2026/10/09 04:47:45.889, 36.10 W, 2040 MHz, 6251 MHz, 0 %, 77
2026/10/09 04:47:46.389, 36.03 W, 2040 MHz, 6251 MHz, 0 %, 77
2026/10/09 04:47:46.889, 36.01 W, 2040 MHz, 6251 MHz, 0 %, 76
2026/10/09 04:47:47.389, 36.06 W, 2040 MHz, 6251 MHz, 0 %, 76
2026/10/09 04:47:47.889, 36.08 W, 2040 MHz, 6251 MHz, 0 %, 76
2026/10/09 04:47:48.390, 36.00 W, 2040 MHz, 6251 MHz, 0 %, 76
2026/10/09 04:47:48.890, 35.94 W, 2040 MHz, 6251 MHz, 0 %, 76
2026/10/09 04:47:49.390, 35.99 W, 2040 MHz, 6251 MHz, 0 %, 76
2026/10/09 04:47:49.890, 36.04 W, 2040 MHz, 6251 MHz, 0 %, 76
2026/10/09 04:47:50.390, 35.99 W, 2040 MHz, 6251 MHz, 0 %, 76
2026/10/09 04:47:50.890, 35.92 W, 2040 MHz, 6251 MHz, 0 %, 76
2026/10/09 04:47:51.390, 35.90 W, 2040 MHz, 6251 MHz, 0 %, 76
2026/10/09 04:47:51.891, 35.94 W, 2040 MHz, 6251 MHz, 0 %, 76
2026/10/09 04:47:52.391, 35.98 W, 2040 MHz, 6251 MHz, 0 %, 76
2026/10/09 04:47:52.891, 35.93 W, 2040 MHz, 6251 MHz, 0 %, 76
2026/10/09 04:47:53.391, 35.87 W, 2040 MHz, 6251 MHz, 0 %, 76
2026/10/09 04:47:53.891, 35.92 W, 2040 MHz, 6251 MHz, 0 %, 76
2026/10/09 04:47:54.391, 35.99 W, 2040 MHz, 6251 MHz, 0 %, 76
2026/10/09 04:47:54.892, 35.96 W, 2040 MHz, 6251 MHz, 0 %, 76
2026/10/09 04:47:55.392, 35.92 W, 2040 MHz, 6251 MHz, 0 %, 76
2026/10/09 04:47:55.892, 35.94 W, 2040 MHz, 6251 MHz, 0 %, 76
2026/10/09 04:47:56.392, 35.99 W, 2040 MHz, 6251 MHz, 0 %, 76
2026/10/09 04:47:56.892, 42.31 W, 1830 MHz, 6251 MHz, 98 %, 79
2026/10/09 04:47:57.392, 55.91 W, 2025 MHz, 6251 MHz, 98 %, 77
2026/10/09 04:47:57.892, 52.51 W, 2040 MHz, 6251 MHz, 0 %, 76
2026/10/09 04:47:58.393, 35.94 W, 2040 MHz, 6251 MHz, 0 %, 76
2026/10/09 04:47:58.893, 36.08 W, 2040 MHz, 6251 MHz, 0 %, 76
2026/10/09 04:47:59.393, 42.80 W, 1995 MHz, 6251 MHz, 30 %, 79
2026/10/09 04:47:59.893, 52.89 W, 2040 MHz, 6251 MHz, 0 %, 77
2026/10/09 04:48:00.393, 49.76 W, 2040 MHz, 6251 MHz, 0 %, 77
2026/10/09 04:48:00.893, 35.82 W, 2040 MHz, 6251 MHz, 0 %, 76
2026/10/09 04:48:01.393, 35.83 W, 2040 MHz, 6251 MHz, 0 %, 76
2026/10/09 04:48:01.894, 35.75 W, 2040 MHz, 6251 MHz, 0 %, 76
2026/10/09 04:48:02.394, 35.64 W, 2040 MHz, 6251 MHz, 0 %, 76
2026/10/09 04:48:02.894, 35.68 W, 2040 MHz, 6251 MHz, 0 %, 76
2026/10/09 04:48:03.394, 42.83 W, 1755 MHz, 6251 MHz, 98 %, 79
2026/10/09 04:48:03.894, 56.47 W, 2025 MHz, 6251 MHz, 49 %, 77
2026/10/09 04:48:04.394, 52.12 W, 2040 MHz, 6251 MHz, 0 %, 77
2026/10/09 04:48:04.894, 35.94 W, 2040 MHz, 6251 MHz, 0 %, 76
2026/10/09 04:48:05.395, 36.03 W, 2040 MHz, 6251 MHz, 0 %, 76
2026/10/09 04:48:05.895, 36.04 W, 2040 MHz, 6251 MHz, 0 %, 76
2026/10/09 04:48:06.395, 35.96 W, 2040 MHz, 6251 MHz, 0 %, 76
2026/10/09 04:48:06.895, 35.90 W, 2040 MHz, 6251 MHz, 0 %, 76
2026/10/09 04:48:07.395, 35.95 W, 2040 MHz, 6251 MHz, 0 %, 76
2026/10/09 04:48:07.895, 42.56 W, 1875 MHz, 6251 MHz, 99 %, 78
2026/10/09 04:48:08.395, 52.79 W, 2025 MHz, 6251 MHz, 64 %, 77
2026/10/09 04:48:08.895, 46.21 W, 2040 MHz, 6251 MHz, 0 %, 76
2026/10/09 04:48:09.396, 35.89 W, 2040 MHz, 6251 MHz, 0 %, 76
2026/10/09 04:48:09.896, 35.85 W, 2040 MHz, 6251 MHz, 0 %, 76
2026/10/09 04:48:10.396, 35.79 W, 2040 MHz, 6251 MHz, 0 %, 76
2026/10/09 04:48:10.896, 35.69 W, 2040 MHz, 6251 MHz, 0 %, 76
2026/10/09 04:48:11.396, 35.69 W, 2040 MHz, 6251 MHz, 0 %, 76
2026/10/09 04:48:11.896, 35.76 W, 2040 MHz, 6251 MHz, 0 %, 76
2026/10/09 04:48:12.396, 35.73 W, 2040 MHz, 6251 MHz, 0 %, 76
2026/10/09 04:48:12.897, 35.67 W, 2040 MHz, 6251 MHz, 0 %, 76
2026/10/09 04:48:13.397, 35.64 W, 2040 MHz, 6251 MHz, 0 %, 76
2026/10/09 04:48:13.897, 35.71 W, 2040 MHz, 6251 MHz, 0 %, 76
2026/10/09 04:48:14.397, 35.75 W, 2040 MHz, 6251 MHz, 0 %, 76
2026/10/09 04:48:14.897, 53.37 W, 1740 MHz, 6251 MHz, 97 %, 79
2026/10/09 04:48:15.397, 68.36 W, 1425 MHz, 6251 MHz, 98 %, 79
2026/10/09 04:48:15.897, 55.16 W, 2040 MHz, 6251 MHz, 0 %, 77
2026/10/09 04:48:16.398, 40.71 W, 1935 MHz, 6251 MHz, 0 %, 77
2026/10/09 04:48:16.898, 39.92 W, 2040 MHz, 6251 MHz, 0 %, 77
2026/10/09 04:48:17.398, 39.88 W, 2040 MHz, 6251 MHz, 0 %, 77
2026/10/09 04:48:17.898, 36.10 W, 2040 MHz, 6251 MHz, 0 %, 77
2026/10/09 04:48:18.398, 36.16 W, 2040 MHz, 6251 MHz, 0 %, 77
2026/10/09 04:48:18.898, 36.22 W, 2040 MHz, 6251 MHz, 0 %, 77
2026/10/09 04:48:19.398, 36.19 W, 2040 MHz, 6251 MHz, 0 %, 77
2026/10/09 04:48:19.899, 36.17 W, 2040 MHz, 6251 MHz, 0 %, 77
2026/10/09 04:48:20.399, 36.17 W, 2040 MHz, 6251 MHz, 0 %, 77
2026/10/09 04:48:20.899, 36.22 W, 2040 MHz, 6251 MHz, 0 %, 77
2026/10/09 04:48:21.399, 36.27 W, 2040 MHz, 6251 MHz, 0 %, 77
2026/10/09 04:48:21.899, 36.22 W, 2040 MHz, 6251 MHz, 0 %, 77
2026/10/09 04:48:22.399, 36.20 W, 2040 MHz, 6251 MHz, 0 %, 77
2026/10/09 04:48:22.899, 36.22 W, 2040 MHz, 6251 MHz, 0 %, 77
2026/10/09 04:48:23.400, 50.57 W, 1095 MHz, 6251 MHz, 96 %, 82
2026/10/09 04:48:23.900, 64.06 W, 1950 MHz, 6251 MHz, 12 %, 79
2026/10/09 04:48:24.400, 53.07 W, 2040 MHz, 6251 MHz, 1 %, 78
2026/10/09 04:48:24.900, 36.83 W, 2040 MHz, 6251 MHz, 60 %, 78
2026/10/09 04:48:25.400, 37.02 W, 2040 MHz, 6251 MHz, 0 %, 78
2026/10/09 04:48:25.900, 53.88 W, 1245 MHz, 6251 MHz, 100 %, 82
2026/10/09 04:48:26.400, 62.10 W, 1695 MHz, 6251 MHz, 93 %, 82
2026/10/09 04:48:26.901, 60.60 W, 1245 MHz, 6251 MHz, 87 %, 83
2026/10/09 04:48:27.401, 59.01 W, 1905 MHz, 6251 MHz, 91 %, 82
2026/10/09 04:48:27.901, 65.94 W, 1500 MHz, 6251 MHz, 87 %, 83
2026/10/09 04:48:28.401, 67.78 W, 1530 MHz, 6251 MHz, 66 %, 84
2026/10/09 04:48:28.901, 55.90 W, 1260 MHz, 6251 MHz, 70 %, 84
2026/10/09 04:48:29.401, 49.93 W, 1155 MHz, 6251 MHz, 65 %, 83
2026/10/09 04:48:29.901, 56.70 W, 1425 MHz, 6251 MHz, 65 %, 83
2026/10/09 04:48:30.402, 61.69 W, 1545 MHz, 6251 MHz, 64 %, 82
2026/10/09 04:48:30.902, 66.75 W, 1950 MHz, 6251 MHz, 41 %, 84
2026/10/09 04:48:31.402, 57.78 W, 1155 MHz, 6251 MHz, 35 %, 83
2026/10/09 04:48:31.902, 62.37 W, 1290 MHz, 6251 MHz, 76 %, 83
2026/10/09 04:48:32.402, 68.74 W, 1500 MHz, 6251 MHz, 63 %, 85
2026/10/09 04:48:32.902, 68.56 W, 1350 MHz, 6251 MHz, 65 %, 84
2026/10/09 04:48:33.403, 65.43 W, 2025 MHz, 6251 MHz, 50 %, 83
2026/10/09 04:48:33.903, 51.85 W, 2040 MHz, 6251 MHz, 0 %, 80
2026/10/09 04:48:34.403, 47.17 W, 2025 MHz, 6251 MHz, 0 %, 81
2026/10/09 04:48:34.903, 44.46 W, 2040 MHz, 6251 MHz, 1 %, 80
2026/10/09 04:48:35.403, 38.16 W, 2040 MHz, 6251 MHz, 0 %, 80
2026/10/09 04:48:35.903, 41.87 W, 2025 MHz, 6251 MHz, 0 %, 79
2026/10/09 04:48:36.403, 40.94 W, 2040 MHz, 6251 MHz, 0 %, 79
2026/10/09 04:48:36.904, 36.88 W, 2040 MHz, 6251 MHz, 0 %, 78
2026/10/09 04:48:37.404, 36.75 W, 2040 MHz, 6251 MHz, 0 %, 78
2026/10/09 04:48:37.904, 36.48 W, 2040 MHz, 6251 MHz, 0 %, 77
2026/10/09 04:48:38.404, 36.24 W, 2040 MHz, 6251 MHz, 0 %, 77
2026/10/09 04:48:38.904, 36.06 W, 2040 MHz, 6251 MHz, 0 %, 76
2026/10/09 04:48:39.404, 35.89 W, 2040 MHz, 6251 MHz, 0 %, 75
2026/10/09 04:48:39.904, 35.62 W, 2040 MHz, 6251 MHz, 0 %, 75
2026/10/09 04:48:40.404, 38.73 W, 1440 MHz, 6251 MHz, 0 %, 78
2026/10/09 04:48:40.905, 57.50 W, 1500 MHz, 6251 MHz, 100 %, 77
2026/10/09 04:48:41.405, 68.15 W, 1515 MHz, 6251 MHz, 87 %, 76
2026/10/09 04:48:41.905, 67.13 W, 1515 MHz, 6251 MHz, 100 %, 76
2026/10/09 04:48:42.405, 72.58 W, 1410 MHz, 6251 MHz, 100 %, 75
2026/10/09 04:48:42.905, 72.30 W, 1515 MHz, 6251 MHz, 100 %, 76
2026/10/09 04:48:43.405, 72.00 W, 1425 MHz, 6251 MHz, 100 %, 75
2026/10/09 04:48:43.905, 72.12 W, 1545 MHz, 6251 MHz, 100 %, 75
2026/10/09 04:48:44.406, 72.09 W, 1455 MHz, 6251 MHz, 100 %, 74
2026/10/09 04:48:44.906, 72.21 W, 1485 MHz, 6251 MHz, 100 %, 74
2026/10/09 04:48:45.406, 72.03 W, 1440 MHz, 6251 MHz, 100 %, 74
2026/10/09 04:48:45.906, 72.08 W, 1485 MHz, 6251 MHz, 100 %, 74
2026/10/09 04:48:46.406, 71.93 W, 1455 MHz, 6251 MHz, 100 %, 74
2026/10/09 04:48:46.906, 71.79 W, 1515 MHz, 6251 MHz, 100 %, 73
2026/10/09 04:48:47.407, 71.74 W, 1470 MHz, 6251 MHz, 100 %, 73
2026/10/09 04:48:47.907, 72.18 W, 1485 MHz, 6251 MHz, 100 %, 73
2026/10/09 04:48:48.407, 71.95 W, 1470 MHz, 6251 MHz, 100 %, 73
2026/10/09 04:48:48.907, 72.10 W, 1470 MHz, 6251 MHz, 100 %, 73
2026/10/09 04:48:49.407, 71.45 W, 1365 MHz, 6251 MHz, 100 %, 74
2026/10/09 04:48:49.907, 71.51 W, 1470 MHz, 6251 MHz, 100 %, 72
2026/10/09 04:48:50.407, 71.49 W, 1455 MHz, 6251 MHz, 100 %, 72
2026/10/09 04:48:50.908, 72.00 W, 1500 MHz, 6251 MHz, 100 %, 72
2026/10/09 04:48:51.408, 72.00 W, 1470 MHz, 6251 MHz, 100 %, 71
2026/10/09 04:48:51.908, 72.08 W, 1485 MHz, 6251 MHz, 100 %, 71
2026/10/09 04:48:52.408, 71.68 W, 1500 MHz, 6251 MHz, 100 %, 71
2026/10/09 04:48:52.908, 71.72 W, 1515 MHz, 6251 MHz, 100 %, 71
2026/10/09 04:48:53.408, 72.13 W, 1515 MHz, 6251 MHz, 100 %, 71
2026/10/09 04:48:53.908, 72.14 W, 1515 MHz, 6251 MHz, 100 %, 71
2026/10/09 04:48:54.409, 72.14 W, 1500 MHz, 6251 MHz, 100 %, 70
2026/10/09 04:48:54.909, 71.91 W, 1530 MHz, 6251 MHz, 100 %, 70
2026/10/09 04:48:55.409, 72.02 W, 1515 MHz, 6251 MHz, 100 %, 70
2026/10/09 04:48:55.909, 72.06 W, 1500 MHz, 6251 MHz, 100 %, 70
2026/10/09 04:48:56.409, 72.22 W, 1500 MHz, 6251 MHz, 100 %, 70
2026/10/09 04:48:56.909, 72.07 W, 1500 MHz, 6251 MHz, 100 %, 70
2026/10/09 04:48:57.409, 72.05 W, 1485 MHz, 6251 MHz, 100 %, 70
2026/10/09 04:48:57.910, 72.32 W, 1530 MHz, 6251 MHz, 100 %, 69
2026/10/09 04:48:58.410, 72.40 W, 1500 MHz, 6251 MHz, 100 %, 69
2026/10/09 04:48:58.910, 72.15 W, 1530 MHz, 6251 MHz, 100 %, 69
2026/10/09 04:48:59.410, 72.20 W, 1515 MHz, 6251 MHz, 100 %, 69
2026/10/09 04:48:59.910, 72.10 W, 1515 MHz, 6251 MHz, 100 %, 69
2026/10/09 04:49:00.410, 73.24 W, 1545 MHz, 6251 MHz, 100 %, 69
2026/10/09 04:49:00.911, 73.29 W, 1515 MHz, 6251 MHz, 100 %, 69
2026/10/09 04:49:01.411, 72.00 W, 1515 MHz, 6251 MHz, 100 %, 69
2026/10/09 04:49:01.911, 72.08 W, 1515 MHz, 6251 MHz, 100 %, 68
2026/10/09 04:49:02.411, 72.06 W, 1530 MHz, 6251 MHz, 100 %, 68
2026/10/09 04:49:02.911, 73.41 W, 1275 MHz, 6251 MHz, 92 %, 68
2026/10/09 04:49:03.411, 73.33 W, 1515 MHz, 6251 MHz, 100 %, 68
2026/10/09 04:49:03.912, 73.08 W, 1500 MHz, 6251 MHz, 100 %, 68
2026/10/09 04:49:04.412, 71.98 W, 1530 MHz, 6251 MHz, 100 %, 68
2026/10/09 04:49:04.912, 72.03 W, 1515 MHz, 6251 MHz, 100 %, 68
2026/10/09 04:49:05.412, 72.06 W, 1515 MHz, 6251 MHz, 100 %, 68
2026/10/09 04:49:05.912, 72.85 W, 1545 MHz, 6251 MHz, 100 %, 68
2026/10/09 04:49:06.412, 72.88 W, 1545 MHz, 6251 MHz, 100 %, 68
2026/10/09 04:49:06.912, 71.96 W, 1530 MHz, 6251 MHz, 100 %, 67
2026/10/09 04:49:07.413, 72.02 W, 1545 MHz, 6251 MHz, 100 %, 67
2026/10/09 04:49:07.913, 72.12 W, 1530 MHz, 6251 MHz, 100 %, 67
2026/10/09 04:49:08.413, 72.59 W, 1530 MHz, 6251 MHz, 91 %, 67
2026/10/09 04:49:08.913, 72.74 W, 1545 MHz, 6251 MHz, 100 %, 67
2026/10/09 04:49:09.413, 71.70 W, 1545 MHz, 6251 MHz, 100 %, 67
2026/10/09 04:49:09.913, 71.96 W, 1545 MHz, 6251 MHz, 100 %, 67
2026/10/09 04:49:10.414, 72.02 W, 1530 MHz, 6251 MHz, 100 %, 67
2026/10/09 04:49:10.914, 72.01 W, 1545 MHz, 6251 MHz, 100 %, 67
2026/10/09 04:49:11.414, 71.51 W, 1530 MHz, 6251 MHz, 100 %, 67
2026/10/09 04:49:11.914, 71.56 W, 1545 MHz, 6251 MHz, 100 %, 67
2026/10/09 04:49:12.414, 71.94 W, 1530 MHz, 6251 MHz, 100 %, 67
2026/10/09 04:49:12.914, 71.91 W, 1530 MHz, 6251 MHz, 100 %, 67
2026/10/09 04:49:13.414, 71.95 W, 1530 MHz, 6251 MHz, 100 %, 66
2026/10/09 04:49:13.915, 69.98 W, 1530 MHz, 6251 MHz, 100 %, 67
2026/10/09 04:49:14.415, 69.98 W, 1515 MHz, 6251 MHz, 100 %, 66
2026/10/09 04:49:14.915, 71.93 W, 1530 MHz, 6251 MHz, 100 %, 66
2026/10/09 04:49:15.415, 72.00 W, 1500 MHz, 6251 MHz, 100 %, 66
2026/10/09 04:49:15.915, 72.03 W, 1530 MHz, 6251 MHz, 100 %, 66
2026/10/09 04:49:16.416, 71.35 W, 1965 MHz, 6251 MHz, 100 %, 65
2026/10/09 04:49:16.916, 65.17 W, 1545 MHz, 6251 MHz, 100 %, 66
2026/10/09 04:49:17.416, 66.03 W, 1620 MHz, 6251 MHz, 100 %, 66
2026/10/09 04:49:17.916, 72.25 W, 1545 MHz, 6251 MHz, 100 %, 66
2026/10/09 04:49:18.416, 72.23 W, 1575 MHz, 6251 MHz, 100 %, 66
2026/10/09 04:49:18.917, 72.16 W, 1530 MHz, 6251 MHz, 100 %, 66
2026/10/09 04:49:19.417, 72.37 W, 1545 MHz, 6251 MHz, 100 %, 66
2026/10/09 04:49:19.917, 71.76 W, 1530 MHz, 6251 MHz, 100 %, 66
2026/10/09 04:49:20.417, 71.97 W, 1530 MHz, 6251 MHz, 100 %, 66
2026/10/09 04:49:20.917, 71.93 W, 1545 MHz, 6251 MHz, 100 %, 66
2026/10/09 04:49:21.417, 72.07 W, 1530 MHz, 6251 MHz, 100 %, 66
2026/10/09 04:49:21.918, 71.85 W, 1515 MHz, 6251 MHz, 100 %, 66
2026/10/09 04:49:22.418, 71.91 W, 1545 MHz, 6251 MHz, 100 %, 66
2026/10/09 04:49:22.918, 71.88 W, 1545 MHz, 6251 MHz, 100 %, 66
2026/10/09 04:49:23.418, 71.65 W, 1515 MHz, 6251 MHz, 100 %, 65
2026/10/09 04:49:23.918, 71.73 W, 1530 MHz, 6251 MHz, 100 %, 65
2026/10/09 04:49:24.418, 71.86 W, 1545 MHz, 6251 MHz, 100 %, 65
2026/10/09 04:49:24.919, 72.01 W, 1530 MHz, 6251 MHz, 100 %, 65
2026/10/09 04:49:25.419, 71.94 W, 1575 MHz, 6251 MHz, 100 %, 66
2026/10/09 04:49:25.919, 71.90 W, 1560 MHz, 6251 MHz, 100 %, 65
2026/10/09 04:49:26.419, 71.93 W, 1545 MHz, 6251 MHz, 100 %, 65
2026/10/09 04:49:26.919, 71.94 W, 1530 MHz, 6251 MHz, 100 %, 65
2026/10/09 04:49:27.419, 72.67 W, 1545 MHz, 6251 MHz, 100 %, 65
2026/10/09 04:49:27.920, 72.20 W, 1530 MHz, 6251 MHz, 100 %, 65
2026/10/09 04:49:28.420, 71.47 W, 1560 MHz, 6251 MHz, 100 %, 65
2026/10/09 04:49:28.920, 72.00 W, 1575 MHz, 6251 MHz, 100 %, 65
2026/10/09 04:49:29.420, 71.39 W, 1500 MHz, 6251 MHz, 100 %, 65
2026/10/09 04:49:29.920, 71.60 W, 1605 MHz, 6251 MHz, 100 %, 65
2026/10/09 04:49:30.420, 72.12 W, 1515 MHz, 6251 MHz, 100 %, 65
2026/10/09 04:49:30.921, 72.78 W, 1560 MHz, 6251 MHz, 100 %, 65
2026/10/09 04:49:31.421, 71.32 W, 1515 MHz, 6251 MHz, 100 %, 65
2026/10/09 04:49:31.921, 73.77 W, 1395 MHz, 6251 MHz, 100 %, 65
2026/10/09 04:49:32.421, 73.68 W, 1485 MHz, 6251 MHz, 100 %, 65
2026/10/09 04:49:32.921, 72.50 W, 1320 MHz, 6251 MHz, 100 %, 66
2026/10/09 04:49:33.421, 71.75 W, 1485 MHz, 6251 MHz, 100 %, 65
2026/10/09 04:49:33.921, 71.79 W, 1500 MHz, 6251 MHz, 100 %, 65
2026/10/09 04:49:34.422, 72.00 W, 1545 MHz, 6251 MHz, 100 %, 65
2026/10/09 04:49:34.922, 72.15 W, 1530 MHz, 6251 MHz, 100 %, 65
2026/10/09 04:49:35.422, 71.49 W, 1530 MHz, 6251 MHz, 100 %, 65
2026/10/09 04:49:35.922, 71.56 W, 1200 MHz, 6251 MHz, 100 %, 66
2026/10/09 04:49:36.422, 71.58 W, 1575 MHz, 6251 MHz, 100 %, 65
2026/10/09 04:49:36.922, 72.30 W, 1530 MHz, 6251 MHz, 100 %, 65
2026/10/09 04:49:37.423, 72.32 W, 1575 MHz, 6251 MHz, 100 %, 65
2026/10/09 04:49:37.923, 72.46 W, 1545 MHz, 6251 MHz, 100 %, 65
2026/10/09 04:49:38.423, 71.84 W, 1605 MHz, 6251 MHz, 100 %, 65
2026/10/09 04:49:38.923, 72.20 W, 1530 MHz, 6251 MHz, 100 %, 65
2026/10/09 04:49:39.423, 73.00 W, 1170 MHz, 6251 MHz, 100 %, 66
2026/10/09 04:49:39.923, 72.06 W, 1575 MHz, 6251 MHz, 100 %, 66
2026/10/09 04:49:40.424, 73.57 W, 1275 MHz, 6251 MHz, 100 %, 65
2026/10/09 04:49:40.924, 73.60 W, 1440 MHz, 6251 MHz, 100 %, 66
2026/10/09 04:49:41.424, 73.51 W, 1395 MHz, 6251 MHz, 100 %, 65
2026/10/09 04:49:41.924, 72.90 W, 1455 MHz, 6251 MHz, 100 %, 66
2026/10/09 04:49:42.424, 72.44 W, 1455 MHz, 6251 MHz, 100 %, 65
2026/10/09 04:49:42.924, 72.24 W, 1455 MHz, 6251 MHz, 100 %, 65
2026/10/09 04:49:43.424, 72.87 W, 1230 MHz, 6251 MHz, 100 %, 67
2026/10/09 04:49:43.925, 72.51 W, 1455 MHz, 6251 MHz, 100 %, 66
2026/10/09 04:49:44.425, 71.35 W, 1500 MHz, 6251 MHz, 100 %, 66
2026/10/09 04:49:44.925, 72.24 W, 1110 MHz, 6251 MHz, 100 %, 67
2026/10/09 04:49:45.425, 71.44 W, 1260 MHz, 6251 MHz, 100 %, 67
2026/10/09 04:49:45.925, 71.85 W, 1140 MHz, 6251 MHz, 100 %, 66
2026/10/09 04:49:46.425, 71.18 W, 1440 MHz, 6251 MHz, 100 %, 66
2026/10/09 04:49:46.926, 72.49 W, 1545 MHz, 6251 MHz, 100 %, 66
2026/10/09 04:49:47.426, 72.98 W, 1575 MHz, 6251 MHz, 100 %, 66
2026/10/09 04:49:47.926, 72.20 W, 1455 MHz, 6251 MHz, 100 %, 66
2026/10/09 04:49:48.426, 72.56 W, 1590 MHz, 6251 MHz, 100 %, 66
2026/10/09 04:49:48.926, 72.27 W, 1575 MHz, 6251 MHz, 100 %, 66
2026/10/09 04:49:49.426, 72.25 W, 1590 MHz, 6251 MHz, 100 %, 66
2026/10/09 04:49:49.927, 72.18 W, 1575 MHz, 6251 MHz, 100 %, 66
2026/10/09 04:49:50.427, 72.25 W, 1590 MHz, 6251 MHz, 100 %, 66
2026/10/09 04:49:50.927, 72.26 W, 1590 MHz, 6251 MHz, 100 %, 66
2026/10/09 04:49:51.427, 72.57 W, 1260 MHz, 6251 MHz, 100 %, 66
2026/10/09 04:49:51.927, 72.52 W, 1575 MHz, 6251 MHz, 100 %, 66
2026/10/09 04:49:52.427, 73.03 W, 1545 MHz, 6251 MHz, 100 %, 66
2026/10/09 04:49:52.927, 71.99 W, 1575 MHz, 6251 MHz, 100 %, 66
2026/10/09 04:49:53.428, 71.96 W, 1530 MHz, 6251 MHz, 100 %, 66
2026/10/09 04:49:53.928, 72.88 W, 1590 MHz, 6251 MHz, 100 %, 66
2026/10/09 04:49:54.428, 73.83 W, 1575 MHz, 6251 MHz, 100 %, 66
2026/10/09 04:49:54.928, 72.43 W, 1545 MHz, 6251 MHz, 100 %, 66
2026/10/09 04:49:55.428, 73.41 W, 1140 MHz, 6251 MHz, 100 %, 67
2026/10/09 04:49:55.928, 74.23 W, 1530 MHz, 6251 MHz, 100 %, 67
2026/10/09 04:49:56.429, 72.19 W, 1455 MHz, 6251 MHz, 100 %, 66
2026/10/09 04:49:56.929, 72.08 W, 1530 MHz, 6251 MHz, 100 %, 67
2026/10/09 04:49:57.429, 71.19 W, 1515 MHz, 6251 MHz, 100 %, 67
2026/10/09 04:49:57.929, 71.40 W, 1545 MHz, 6251 MHz, 100 %, 67
2026/10/09 04:49:58.429, 73.24 W, 1155 MHz, 6251 MHz, 100 %, 67
2026/10/09 04:49:58.929, 72.86 W, 1575 MHz, 6251 MHz, 100 %, 67
2026/10/09 04:49:59.429, 72.92 W, 1485 MHz, 6251 MHz, 100 %, 67
2026/10/09 04:49:59.930, 73.33 W, 1110 MHz, 6251 MHz, 100 %, 67
2026/10/09 04:50:00.430, 72.41 W, 1545 MHz, 6251 MHz, 100 %, 67
2026/10/09 04:50:00.930, 72.39 W, 1560 MHz, 6251 MHz, 100 %, 67
2026/10/09 04:50:01.430, 71.88 W, 1530 MHz, 6251 MHz, 100 %, 67
2026/10/09 04:50:01.930, 71.37 W, 1590 MHz, 6251 MHz, 100 %, 67
2026/10/09 04:50:02.430, 71.35 W, 1530 MHz, 6251 MHz, 100 %, 67
2026/10/09 04:50:02.930, 72.14 W, 1575 MHz, 6251 MHz, 100 %, 67
2026/10/09 04:50:03.431, 72.00 W, 1545 MHz, 6251 MHz, 100 %, 67
2026/10/09 04:50:03.931, 72.15 W, 1530 MHz, 6251 MHz, 100 %, 67
2026/10/09 04:50:04.431, 68.38 W, 1965 MHz, 6251 MHz, 100 %, 67
2026/10/09 04:50:04.931, 50.53 W, 2040 MHz, 6251 MHz, 0 %, 65
2026/10/09 04:50:05.431, 32.46 W, 2040 MHz, 6251 MHz, 0 %, 64
2026/10/09 04:50:05.931, 32.49 W, 2040 MHz, 6251 MHz, 0 %, 64
2026/10/09 04:50:06.432, 32.47 W, 2040 MHz, 6251 MHz, 0 %, 64
2026/10/09 04:50:06.932, 32.42 W, 2040 MHz, 6251 MHz, 0 %, 64
2026/10/09 04:50:07.432, 35.97 W, 1620 MHz, 6251 MHz, 0 %, 64
2026/10/09 04:50:07.932, 52.51 W, 1605 MHz, 6251 MHz, 100 %, 67
2026/10/09 04:50:08.432, 70.37 W, 1455 MHz, 6251 MHz, 100 %, 67
2026/10/09 04:50:08.932, 72.80 W, 1500 MHz, 6251 MHz, 100 %, 67
2026/10/09 04:50:09.432, 73.08 W, 1545 MHz, 6251 MHz, 100 %, 67
2026/10/09 04:50:09.933, 71.78 W, 1140 MHz, 6251 MHz, 100 %, 67
2026/10/09 04:50:10.433, 72.32 W, 1440 MHz, 6251 MHz, 100 %, 68
2026/10/09 04:50:10.933, 72.11 W, 1395 MHz, 6251 MHz, 100 %, 67
2026/10/09 04:50:11.433, 70.75 W, 1425 MHz, 6251 MHz, 100 %, 68
2026/10/09 04:50:11.933, 71.23 W, 1305 MHz, 6251 MHz, 100 %, 69
2026/10/09 04:50:12.433, 70.78 W, 1200 MHz, 6251 MHz, 100 %, 69
2026/10/09 04:50:12.934, 70.82 W, 1320 MHz, 6251 MHz, 100 %, 68
2026/10/09 04:50:13.434, 72.04 W, 1395 MHz, 6251 MHz, 100 %, 68
2026/10/09 04:50:13.934, 72.38 W, 1155 MHz, 6251 MHz, 100 %, 68
2026/10/09 04:50:14.434, 71.71 W, 1425 MHz, 6251 MHz, 100 %, 68
2026/10/09 04:50:14.934, 71.46 W, 1410 MHz, 6251 MHz, 100 %, 69
2026/10/09 04:50:15.434, 71.42 W, 1365 MHz, 6251 MHz, 100 %, 70
2026/10/09 04:50:15.935, 70.42 W, 1425 MHz, 6251 MHz, 100 %, 69
2026/10/09 04:50:16.435, 70.47 W, 1185 MHz, 6251 MHz, 100 %, 69
2026/10/09 04:50:16.935, 72.21 W, 1155 MHz, 6251 MHz, 100 %, 69
2026/10/09 04:50:17.435, 73.25 W, 1155 MHz, 6251 MHz, 100 %, 69
2026/10/09 04:50:17.935, 72.73 W, 1080 MHz, 6251 MHz, 100 %, 70
2026/10/09 04:50:18.435, 71.25 W, 1260 MHz, 6251 MHz, 100 %, 70
2026/10/09 04:50:18.935, 72.08 W, 1110 MHz, 6251 MHz, 100 %, 71
2026/10/09 04:50:19.436, 72.63 W, 1110 MHz, 6251 MHz, 100 %, 71
2026/10/09 04:50:19.936, 72.50 W, 1080 MHz, 6251 MHz, 100 %, 71
2026/10/09 04:50:20.436, 72.09 W, 1200 MHz, 6251 MHz, 100 %, 71
2026/10/09 04:50:20.936, 71.62 W, 1230 MHz, 6251 MHz, 100 %, 70
2026/10/09 04:50:21.436, 71.56 W, 1260 MHz, 6251 MHz, 100 %, 70
2026/10/09 04:50:21.937, 71.77 W, 1230 MHz, 6251 MHz, 100 %, 70
2026/10/09 04:50:22.437, 72.00 W, 1125 MHz, 6251 MHz, 100 %, 72
2026/10/09 04:50:22.937, 71.66 W, 1200 MHz, 6251 MHz, 100 %, 72
2026/10/09 04:50:23.437, 71.61 W, 1155 MHz, 6251 MHz, 100 %, 72
2026/10/09 04:50:23.937, 71.81 W, 1140 MHz, 6251 MHz, 100 %, 72
2026/10/09 04:50:24.438, 72.05 W, 1110 MHz, 6251 MHz, 100 %, 72
2026/10/09 04:50:24.938, 72.54 W, 1140 MHz, 6251 MHz, 100 %, 73
2026/10/09 04:50:25.438, 72.17 W, 1185 MHz, 6251 MHz, 100 %, 72
2026/10/09 04:50:25.938, 72.18 W, 1110 MHz, 6251 MHz, 100 %, 72
2026/10/09 04:50:26.438, 72.04 W, 1140 MHz, 6251 MHz, 100 %, 73
2026/10/09 04:50:26.938, 72.12 W, 1125 MHz, 6251 MHz, 100 %, 73
2026/10/09 04:50:27.438, 72.00 W, 1185 MHz, 6251 MHz, 100 %, 73
2026/10/09 04:50:27.939, 71.74 W, 1140 MHz, 6251 MHz, 100 %, 73
2026/10/09 04:50:28.439, 72.08 W, 1140 MHz, 6251 MHz, 100 %, 73
2026/10/09 04:50:28.939, 71.87 W, 1140 MHz, 6251 MHz, 100 %, 73
2026/10/09 04:50:29.439, 72.13 W, 1170 MHz, 6251 MHz, 100 %, 74
2026/10/09 04:50:29.939, 72.07 W, 1140 MHz, 6251 MHz, 100 %, 73
2026/10/09 04:50:30.439, 72.27 W, 1140 MHz, 6251 MHz, 100 %, 74
2026/10/09 04:50:30.940, 72.02 W, 1140 MHz, 6251 MHz, 100 %, 74
2026/10/09 04:50:31.440, 72.06 W, 1170 MHz, 6251 MHz, 100 %, 74
2026/10/09 04:50:31.940, 71.94 W, 1110 MHz, 6251 MHz, 100 %, 74
2026/10/09 04:50:32.440, 71.76 W, 1140 MHz, 6251 MHz, 100 %, 75
2026/10/09 04:50:32.940, 72.19 W, 1125 MHz, 6251 MHz, 100 %, 75
2026/10/09 04:50:33.440, 72.11 W, 1170 MHz, 6251 MHz, 100 %, 74
2026/10/09 04:50:33.940, 71.68 W, 1215 MHz, 6251 MHz, 100 %, 74
2026/10/09 04:50:34.441, 72.01 W, 1245 MHz, 6251 MHz, 100 %, 74
2026/10/09 04:50:34.941, 71.94 W, 1125 MHz, 6251 MHz, 100 %, 75
2026/10/09 04:50:35.441, 71.89 W, 1065 MHz, 6251 MHz, 100 %, 75
2026/10/09 04:50:35.941, 72.71 W, 1170 MHz, 6251 MHz, 100 %, 75
2026/10/09 04:50:36.441, 72.91 W, 1170 MHz, 6251 MHz, 100 %, 75
2026/10/09 04:50:36.941, 72.41 W, 1110 MHz, 6251 MHz, 100 %, 76
2026/10/09 04:50:37.442, 72.58 W, 1110 MHz, 6251 MHz, 100 %, 76
2026/10/09 04:50:37.942, 72.12 W, 1095 MHz, 6251 MHz, 100 %, 76
2026/10/09 04:50:38.442, 71.92 W, 1050 MHz, 6251 MHz, 100 %, 76
2026/10/09 04:50:38.942, 71.57 W, 1050 MHz, 6251 MHz, 100 %, 76
2026/10/09 04:50:39.442, 71.78 W, 1005 MHz, 6251 MHz, 100 %, 77
2026/10/09 04:50:39.942, 71.64 W, 1080 MHz, 6251 MHz, 100 %, 77
2026/10/09 04:50:40.443, 72.36 W, 1095 MHz, 6251 MHz, 100 %, 77
2026/10/09 04:50:40.943, 72.32 W, 1095 MHz, 6251 MHz, 100 %, 76
2026/10/09 04:50:41.443, 72.19 W, 1245 MHz, 6251 MHz, 100 %, 76
2026/10/09 04:50:41.943, 71.62 W, 1125 MHz, 6251 MHz, 100 %, 77
2026/10/09 04:50:42.443, 71.78 W, 1125 MHz, 6251 MHz, 100 %, 78
2026/10/09 04:50:42.943, 72.12 W, 1065 MHz, 6251 MHz, 100 %, 78
2026/10/09 04:50:43.443, 71.88 W, 1185 MHz, 6251 MHz, 100 %, 77
2026/10/09 04:50:43.944, 72.27 W, 1110 MHz, 6251 MHz, 100 %, 78
2026/10/09 04:50:44.444, 73.08 W, 1125 MHz, 6251 MHz, 100 %, 78
2026/10/09 04:50:44.944, 72.37 W, 1050 MHz, 6251 MHz, 100 %, 78
2026/10/09 04:50:45.444, 72.75 W, 1110 MHz, 6251 MHz, 100 %, 79
2026/10/09 04:50:45.944, 72.39 W, 1095 MHz, 6251 MHz, 100 %, 79
2026/10/09 04:50:46.445, 72.51 W, 1110 MHz, 6251 MHz, 100 %, 79
2026/10/09 04:50:46.945, 72.26 W, 1110 MHz, 6251 MHz, 100 %, 79
2026/10/09 04:50:47.445, 71.92 W, 1065 MHz, 6251 MHz, 100 %, 79
2026/10/09 04:50:47.945, 72.37 W, 1110 MHz, 6251 MHz, 100 %, 79
2026/10/09 04:50:48.445, 71.88 W, 1140 MHz, 6251 MHz, 100 %, 79
2026/10/09 04:50:48.945, 71.81 W, 1110 MHz, 6251 MHz, 100 %, 79
2026/10/09 04:50:49.445, 72.55 W, 1140 MHz, 6251 MHz, 100 %, 80
2026/10/09 04:50:49.946, 72.59 W, 1155 MHz, 6251 MHz, 100 %, 80
2026/10/09 04:50:50.446, 71.92 W, 1080 MHz, 6251 MHz, 100 %, 80
2026/10/09 04:50:50.946, 71.79 W, 1155 MHz, 6251 MHz, 100 %, 80
2026/10/09 04:50:51.446, 72.16 W, 1140 MHz, 6251 MHz, 100 %, 79
2026/10/09 04:50:51.946, 72.06 W, 1170 MHz, 6251 MHz, 100 %, 79
2026/10/09 04:50:52.446, 71.84 W, 1050 MHz, 6251 MHz, 100 %, 80
2026/10/09 04:50:52.947, 71.62 W, 1170 MHz, 6251 MHz, 100 %, 81
2026/10/09 04:50:53.447, 72.08 W, 1095 MHz, 6251 MHz, 100 %, 79
2026/10/09 04:50:53.947, 72.16 W, 1140 MHz, 6251 MHz, 100 %, 80
2026/10/09 04:50:54.447, 72.14 W, 1095 MHz, 6251 MHz, 100 %, 80
2026/10/09 04:50:54.947, 72.32 W, 1125 MHz, 6251 MHz, 100 %, 80
2026/10/09 04:50:55.447, 72.15 W, 1110 MHz, 6251 MHz, 100 %, 80
2026/10/09 04:50:55.948, 71.86 W, 1185 MHz, 6251 MHz, 100 %, 80
2026/10/09 04:50:56.448, 71.98 W, 1140 MHz, 6251 MHz, 100 %, 80
2026/10/09 04:50:56.948, 71.82 W, 1350 MHz, 6251 MHz, 100 %, 80
2026/10/09 04:50:57.448, 71.64 W, 1410 MHz, 6251 MHz, 100 %, 80
2026/10/09 04:50:57.948, 65.18 W, 2025 MHz, 6251 MHz, 50 %, 78
2026/10/09 04:50:58.448, 68.43 W, 1080 MHz, 6251 MHz, 100 %, 82
2026/10/09 04:50:58.948, 72.36 W, 1395 MHz, 6251 MHz, 100 %, 82
2026/10/09 04:50:59.449, 73.92 W, 1110 MHz, 6251 MHz, 100 %, 82
2026/10/09 04:50:59.949, 73.55 W, 1545 MHz, 6251 MHz, 100 %, 82
2026/10/09 04:51:00.449, 73.91 W, 1020 MHz, 6251 MHz, 100 %, 83
2026/10/09 04:51:00.949, 73.32 W, 1335 MHz, 6251 MHz, 100 %, 83
2026/10/09 04:51:01.449, 73.46 W, 1095 MHz, 6251 MHz, 100 %, 83
2026/10/09 04:51:01.949, 73.44 W, 1095 MHz, 6251 MHz, 100 %, 83
2026/10/09 04:51:02.450, 72.75 W, 1065 MHz, 6251 MHz, 100 %, 83
2026/10/09 04:51:02.950, 72.60 W, 1080 MHz, 6251 MHz, 100 %, 83
2026/10/09 04:51:03.450, 69.00 W, 945 MHz, 6251 MHz, 100 %, 83
2026/10/09 04:51:03.950, 69.23 W, 1080 MHz, 6251 MHz, 100 %, 84
2026/10/09 04:51:04.450, 72.33 W, 1080 MHz, 6251 MHz, 100 %, 84
2026/10/09 04:51:04.950, 72.18 W, 1110 MHz, 6251 MHz, 100 %, 84
2026/10/09 04:51:05.451, 72.72 W, 1065 MHz, 6251 MHz, 100 %, 84
2026/10/09 04:51:05.951, 72.04 W, 1110 MHz, 6251 MHz, 100 %, 84
2026/10/09 04:51:06.451, 72.77 W, 1080 MHz, 6251 MHz, 100 %, 84
2026/10/09 04:51:06.951, 72.63 W, 1050 MHz, 6251 MHz, 100 %, 83
2026/10/09 04:51:07.451, 59.75 W, 2040 MHz, 6251 MHz, 50 %, 80
